path,日付,種類,用途候補,施術部位,人物あり,文字入り,縦横比,解像度,動画秒数,サイト掲載済,Instagram投稿URL,Web掲載確認
C:\Users\hm60m\Documents\komi_instagram\20241024_DBgszGDShhC\01.jpg,20241024,静止画,症例,アイライン,要目視,要目視,4:5,1242x1552,,,https://www.instagram.com/p/DBgszGDShhC/,要確認
C:\Users\hm60m\Documents\komi_instagram\20241024_DBgszGDShhC\02.jpg,20241024,静止画,症例,アイライン,要目視,要目視,4:5,1242x1552,,,https://www.instagram.com/p/DBgszGDShhC/,要確認
C:\Users\hm60m\Documents\komi_instagram\20241024_DBgszGDShhC\03.mp4,20241024,動画,ヒーロー候補,アイライン,要目視,要目視,4:5,360x450,5.0,,https://www.instagram.com/p/DBgszGDShhC/,要確認
C:\Users\hm60m\Documents\komi_instagram\20241025_DBjIuTxS6JO\01.jpg,20241025,静止画,症例,,要目視,要目視,4:5,1242x1552,,,https://www.instagram.com/p/DBjIuTxS6JO/,要確認
C:\Users\hm60m\Documents\komi_instagram\20241025_DBjIuTxS6JO\02.jpg,20241025,静止画,症例,,要目視,要目視,4:5,1242x1552,,,https://www.instagram.com/p/DBjIuTxS6JO/,要確認
C:\Users\hm60m\Documents\komi_instagram\20241025_DBjIuTxS6JO\03.mp4,20241025,動画,ヒーロー候補,,要目視,要目視,4:5,360x450,5.0,,https://www.instagram.com/p/DBjIuTxS6JO/,要確認
C:\Users\hm60m\Documents\komi_instagram\20241026_DBkoK74SAND\01.mp4,20241026,動画,ヒーロー候補,,要目視,要目視,9:16,360x640,9.9,,https://www.instagram.com/p/DBkoK74SAND/,要確認
C:\Users\hm60m\Documents\komi_instagram\20241027_DBoAFFwSqjn\01.jpg,20241027,静止画,症例,眉,要目視,要目視,4:5,1242x1552,,,https://www.instagram.com/p/DBoAFFwSqjn/,要確認
C:\Users\hm60m\Documents\komi_instagram\20241027_DBoAFFwSqjn\02.jpg,20241027,静止画,症例,眉,要目視,要目視,4:5,1242x1552,,,https://www.instagram.com/p/DBoAFFwSqjn/,要確認
C:\Users\hm60m\Documents\komi_instagram\20241027_DBoAFFwSqjn\03.mp4,20241027,動画,ヒーロー候補,眉,要目視,要目視,4:5,360x450,5.0,,https://www.instagram.com/p/DBoAFFwSqjn/,要確認
C:\Users\hm60m\Documents\komi_instagram\20241029_DBtDXFdyfe9\01.jpg,20241029,静止画,症例,アイライン,要目視,要目視,4:5,1242x1552,,,https://www.instagram.com/p/DBtDXFdyfe9/,要確認
C:\Users\hm60m\Documents\komi_instagram\20241029_DBtDXFdyfe9\02.jpg,20241029,静止画,症例,アイライン,要目視,要目視,4:5,1242x1552,,,https://www.instagram.com/p/DBtDXFdyfe9/,要確認
C:\Users\hm60m\Documents\komi_instagram\20241029_DBtDXFdyfe9\03.mp4,20241029,動画,ヒーロー候補,アイライン,要目視,要目視,4:5,720x900,5.0,,https://www.instagram.com/p/DBtDXFdyfe9/,要確認
C:\Users\hm60m\Documents\komi_instagram\20241214_DDj9BoJSXHP\01.jpg,20241214,静止画,症例,眉,要目視,要目視,4:5,1242x1552,,,https://www.instagram.com/p/DDj9BoJSXHP/,要確認
C:\Users\hm60m\Documents\komi_instagram\20241214_DDj9BoJSXHP\02.jpg,20241214,静止画,症例,眉,要目視,要目視,4:5,1242x1552,,,https://www.instagram.com/p/DDj9BoJSXHP/,要確認
C:\Users\hm60m\Documents\komi_instagram\20241214_DDj9BoJSXHP\03.jpg,20241214,静止画,症例,眉,要目視,要目視,4:5,1242x1552,,,https://www.instagram.com/p/DDj9BoJSXHP/,要確認
C:\Users\hm60m\Documents\komi_instagram\20241215_DDl9wf8y6yu\01.jpg,20241215,静止画,症例,眉,要目視,要目視,4:5,1242x1552,,,https://www.instagram.com/p/DDl9wf8y6yu/,要確認
C:\Users\hm60m\Documents\komi_instagram\20241215_DDl9wf8y6yu\02.jpg,20241215,静止画,症例,眉,要目視,要目視,4:5,1242x1552,,,https://www.instagram.com/p/DDl9wf8y6yu/,要確認
C:\Users\hm60m\Documents\komi_instagram\20241215_DDl9wf8y6yu\03.jpg,20241215,静止画,症例,眉,要目視,要目視,4:5,1242x1552,,,https://www.instagram.com/p/DDl9wf8y6yu/,要確認
C:\Users\hm60m\Documents\komi_instagram\20241216_DDoikrSyBv_\01.jpg,20241216,静止画,症例,リップ,要目視,要目視,4:5,1242x1552,,,https://www.instagram.com/p/DDoikrSyBv_/,要確認
C:\Users\hm60m\Documents\komi_instagram\20241216_DDoikrSyBv_\02.jpg,20241216,静止画,症例,リップ,要目視,要目視,4:5,1242x1552,,,https://www.instagram.com/p/DDoikrSyBv_/,要確認
C:\Users\hm60m\Documents\komi_instagram\20241216_DDoikrSyBv_\03.mp4,20241216,動画,ヒーロー候補,リップ,要目視,要目視,4:5,360x450,5.0,,https://www.instagram.com/p/DDoikrSyBv_/,要確認
C:\Users\hm60m\Documents\komi_instagram\20241216_DDrHY7hStNQ\01.jpg,20241216,静止画,症例,眉,要目視,要目視,4:5,1242x1552,,,https://www.instagram.com/p/DDrHY7hStNQ/,要確認
C:\Users\hm60m\Documents\komi_instagram\20241216_DDrHY7hStNQ\02.jpg,20241216,静止画,症例,眉,要目視,要目視,4:5,1242x1552,,,https://www.instagram.com/p/DDrHY7hStNQ/,要確認
C:\Users\hm60m\Documents\komi_instagram\20241216_DDrHY7hStNQ\03.mp4,20241216,動画,ヒーロー候補,眉,要目視,要目視,4:5,360x450,5.0,,https://www.instagram.com/p/DDrHY7hStNQ/,要確認
C:\Users\hm60m\Documents\komi_instagram\20241217_DDs1RQ6yjgT\01.jpg,20241217,静止画,症例,アイライン,要目視,要目視,4:5,1242x1552,,,https://www.instagram.com/p/DDs1RQ6yjgT/,要確認
C:\Users\hm60m\Documents\komi_instagram\20241217_DDs1RQ6yjgT\02.jpg,20241217,静止画,症例,アイライン,要目視,要目視,4:5,1242x1552,,,https://www.instagram.com/p/DDs1RQ6yjgT/,要確認
C:\Users\hm60m\Documents\komi_instagram\20241217_DDs1RQ6yjgT\03.mp4,20241217,動画,ヒーロー候補,アイライン,要目視,要目視,4:5,358x448,5.0,,https://www.instagram.com/p/DDs1RQ6yjgT/,要確認
C:\Users\hm60m\Documents\komi_instagram\20241217_DDtsLI3yf-k\01.mp4,20241217,動画,ヒーロー候補,,要目視,要目視,4:5,720x900,5.8,,https://www.instagram.com/p/DDtsLI3yf-k/,要確認
C:\Users\hm60m\Documents\komi_instagram\20241217_DDtsLI3yf-k\02.jpg,20241217,静止画,症例,,要目視,要目視,4:5,1242x1551,,,https://www.instagram.com/p/DDtsLI3yf-k/,要確認
C:\Users\hm60m\Documents\komi_instagram\20241217_DDtsLI3yf-k\03.mp4,20241217,動画,ヒーロー候補,,要目視,要目視,4:5,718x898,5.0,,https://www.instagram.com/p/DDtsLI3yf-k/,要確認
C:\Users\hm60m\Documents\komi_instagram\20241217_DDx-1B-ST2F\01.jpg,20241217,静止画,症例,,要目視,要目視,4:5,1242x1552,,,https://www.instagram.com/p/DDx-1B-ST2F/,要確認
C:\Users\hm60m\Documents\komi_instagram\20241217_DDx-1B-ST2F\02.jpg,20241217,静止画,症例,,要目視,要目視,4:5,1242x1552,,,https://www.instagram.com/p/DDx-1B-ST2F/,要確認
C:\Users\hm60m\Documents\komi_instagram\20241217_DDx-1B-ST2F\03.mp4,20241217,動画,ヒーロー候補,,要目視,要目視,4:5,360x450,5.0,,https://www.instagram.com/p/DDx-1B-ST2F/,要確認
C:\Users\hm60m\Documents\komi_instagram\20241217_DDy1tWWyoUP\01.jpg,20241217,静止画,症例,,要目視,要目視,4:5,1242x1552,,,https://www.instagram.com/p/DDy1tWWyoUP/,要確認
C:\Users\hm60m\Documents\komi_instagram\20241217_DDy1tWWyoUP\02.jpg,20241217,静止画,症例,,要目視,要目視,4:5,1242x1552,,,https://www.instagram.com/p/DDy1tWWyoUP/,要確認
C:\Users\hm60m\Documents\komi_instagram\20241217_DDy1tWWyoUP\03.mp4,20241217,動画,ヒーロー候補,,要目視,要目視,4:5,360x450,12.3,,https://www.instagram.com/p/DDy1tWWyoUP/,要確認
C:\Users\hm60m\Documents\komi_instagram\20241218_DD0_GTDSzPf\01.jpg,20241218,静止画,症例,アイライン,要目視,要目視,4:5,1242x1552,,,https://www.instagram.com/p/DD0_GTDSzPf/,要確認
C:\Users\hm60m\Documents\komi_instagram\20241218_DD0_GTDSzPf\02.jpg,20241218,静止画,症例,アイライン,要目視,要目視,4:5,1242x1552,,,https://www.instagram.com/p/DD0_GTDSzPf/,要確認
C:\Users\hm60m\Documents\komi_instagram\20241218_DD0_GTDSzPf\03.mp4,20241218,動画,ヒーロー候補,アイライン,要目視,要目視,4:5,360x450,5.0,,https://www.instagram.com/p/DD0_GTDSzPf/,要確認
C:\Users\hm60m\Documents\komi_instagram\20241218_DD0BRnWSU-R\01.jpg,20241218,静止画,症例,眉,要目視,要目視,4:5,1242x1552,,,https://www.instagram.com/p/DD0BRnWSU-R/,要確認
C:\Users\hm60m\Documents\komi_instagram\20241218_DD0BRnWSU-R\02.jpg,20241218,静止画,症例,眉,要目視,要目視,4:5,1242x1552,,,https://www.instagram.com/p/DD0BRnWSU-R/,要確認
C:\Users\hm60m\Documents\komi_instagram\20241218_DD0BRnWSU-R\03.mp4,20241218,動画,ヒーロー候補,眉,要目視,要目視,4:5,360x450,5.0,,https://www.instagram.com/p/DD0BRnWSU-R/,要確認
C:\Users\hm60m\Documents\komi_instagram\20241218_DDzbddXyRsP\01.jpg,20241218,静止画,症例,,要目視,要目視,4:5,1242x1552,,,https://www.instagram.com/p/DDzbddXyRsP/,要確認
C:\Users\hm60m\Documents\komi_instagram\20241218_DDzbddXyRsP\02.jpg,20241218,静止画,症例,,要目視,要目視,4:5,1242x1552,,,https://www.instagram.com/p/DDzbddXyRsP/,要確認
C:\Users\hm60m\Documents\komi_instagram\20241218_DDzbddXyRsP\03.mp4,20241218,動画,ヒーロー候補,,要目視,要目視,4:5,720x900,5.0,,https://www.instagram.com/p/DDzbddXyRsP/,要確認
C:\Users\hm60m\Documents\komi_instagram\20241219_DD1TtvxyoqW\01.jpg,20241219,静止画,症例,アイライン,要目視,要目視,4:5,1242x1552,,,https://www.instagram.com/p/DD1TtvxyoqW/,要確認
C:\Users\hm60m\Documents\komi_instagram\20241219_DD1TtvxyoqW\02.jpg,20241219,静止画,症例,アイライン,要目視,要目視,4:5,1242x1552,,,https://www.instagram.com/p/DD1TtvxyoqW/,要確認
C:\Users\hm60m\Documents\komi_instagram\20241219_DD1TtvxyoqW\03.mp4,20241219,動画,ヒーロー候補,アイライン,要目視,要目視,4:5,360x450,12.3,,https://www.instagram.com/p/DD1TtvxyoqW/,要確認
C:\Users\hm60m\Documents\komi_instagram\20241219_DD7TD0pSaNj\01.mp4,20241219,動画,ヒーロー候補,アイライン,要目視,要目視,9:16,720x1280,5.8,,https://www.instagram.com/p/DD7TD0pSaNj/,要確認
C:\Users\hm60m\Documents\komi_instagram\20241219_DDwQ_pcyjT5\01.jpg,20241219,静止画,症例,リップ,要目視,要目視,4:5,1242x1552,,,https://www.instagram.com/p/DDwQ_pcyjT5/,要確認
C:\Users\hm60m\Documents\komi_instagram\20241219_DDwQ_pcyjT5\02.jpg,20241219,静止画,症例,リップ,要目視,要目視,4:5,1242x1552,,,https://www.instagram.com/p/DDwQ_pcyjT5/,要確認
C:\Users\hm60m\Documents\komi_instagram\20241219_DDwQ_pcyjT5\03.mp4,20241219,動画,ヒーロー候補,リップ,要目視,要目視,4:5,360x450,5.0,,https://www.instagram.com/p/DDwQ_pcyjT5/,要確認
C:\Users\hm60m\Documents\komi_instagram\20241219_DDwsW0lScmx\01.jpg,20241219,静止画,症例,アイライン,要目視,要目視,4:5,1242x1552,,,https://www.instagram.com/p/DDwsW0lScmx/,要確認
C:\Users\hm60m\Documents\komi_instagram\20241219_DDwsW0lScmx\02.jpg,20241219,静止画,症例,アイライン,要目視,要目視,4:5,1242x1552,,,https://www.instagram.com/p/DDwsW0lScmx/,要確認
C:\Users\hm60m\Documents\komi_instagram\20241219_DDwsW0lScmx\03.mp4,20241219,動画,ヒーロー候補,アイライン,要目視,要目視,4:5,720x900,5.0,,https://www.instagram.com/p/DDwsW0lScmx/,要確認
C:\Users\hm60m\Documents\komi_instagram\20241219_DDxOuOPyVXj\01.jpg,20241219,静止画,症例,眉,要目視,要目視,4:5,1242x1552,,,https://www.instagram.com/p/DDxOuOPyVXj/,要確認
C:\Users\hm60m\Documents\komi_instagram\20241219_DDxOuOPyVXj\02.jpg,20241219,静止画,症例,眉,要目視,要目視,4:5,1242x1552,,,https://www.instagram.com/p/DDxOuOPyVXj/,要確認
C:\Users\hm60m\Documents\komi_instagram\20241219_DDxOuOPyVXj\03.mp4,20241219,動画,ヒーロー候補,眉,要目視,要目視,4:5,360x450,5.0,,https://www.instagram.com/p/DDxOuOPyVXj/,要確認
C:\Users\hm60m\Documents\komi_instagram\20241220_DD0BS0xy3OS\01.jpg,20241220,静止画,症例,頭皮,要目視,要目視,4:5,1242x1552,,,https://www.instagram.com/p/DD0BS0xy3OS/,要確認
C:\Users\hm60m\Documents\komi_instagram\20241220_DD0BS0xy3OS\02.jpg,20241220,静止画,症例,頭皮,要目視,要目視,4:5,1242x1552,,,https://www.instagram.com/p/DD0BS0xy3OS/,要確認
C:\Users\hm60m\Documents\komi_instagram\20241220_DD0BS0xy3OS\03.jpg,20241220,静止画,症例,頭皮,要目視,要目視,4:5,1242x1552,,,https://www.instagram.com/p/DD0BS0xy3OS/,要確認
C:\Users\hm60m\Documents\komi_instagram\20241220_DD0BS0xy3OS\04.mp4,20241220,動画,ヒーロー候補,頭皮,要目視,要目視,4:5,360x450,5.0,,https://www.instagram.com/p/DD0BS0xy3OS/,要確認
C:\Users\hm60m\Documents\komi_instagram\20241220_DD0joZFyCfy\01.jpg,20241220,静止画,症例,眉,要目視,要目視,4:5,1242x1552,,,https://www.instagram.com/p/DD0joZFyCfy/,要確認
C:\Users\hm60m\Documents\komi_instagram\20241220_DD0joZFyCfy\02.jpg,20241220,静止画,症例,眉,要目視,要目視,4:5,1242x1552,,,https://www.instagram.com/p/DD0joZFyCfy/,要確認
C:\Users\hm60m\Documents\komi_instagram\20241220_DD0joZFyCfy\03.mp4,20241220,動画,ヒーロー候補,眉,要目視,要目視,4:5,360x450,5.0,,https://www.instagram.com/p/DD0joZFyCfy/,要確認
C:\Users\hm60m\Documents\komi_instagram\20241220_DDxcgOxSgzO\01.jpg,20241220,静止画,症例,リップ,要目視,要目視,4:5,1242x1552,,,https://www.instagram.com/p/DDxcgOxSgzO/,要確認
C:\Users\hm60m\Documents\komi_instagram\20241220_DDxcgOxSgzO\02.jpg,20241220,静止画,症例,リップ,要目視,要目視,4:5,1242x1552,,,https://www.instagram.com/p/DDxcgOxSgzO/,要確認
C:\Users\hm60m\Documents\komi_instagram\20241220_DDxcgOxSgzO\03.mp4,20241220,動画,ヒーロー候補,リップ,要目視,要目視,4:5,360x450,5.0,,https://www.instagram.com/p/DDxcgOxSgzO/,要確認
C:\Users\hm60m\Documents\komi_instagram\20241220_DDy1wjtSvu7\01.jpg,20241220,静止画,症例,ヘアライン,要目視,要目視,4:5,1242x1552,,,https://www.instagram.com/p/DDy1wjtSvu7/,要確認
C:\Users\hm60m\Documents\komi_instagram\20241220_DDy1wjtSvu7\02.jpg,20241220,静止画,症例,ヘアライン,要目視,要目視,4:5,1242x1552,,,https://www.instagram.com/p/DDy1wjtSvu7/,要確認
C:\Users\hm60m\Documents\komi_instagram\20241220_DDy1wjtSvu7\03.mp4,20241220,動画,ヒーロー候補,ヘアライン,要目視,要目視,4:5,360x450,5.0,,https://www.instagram.com/p/DDy1wjtSvu7/,要確認
C:\Users\hm60m\Documents\komi_instagram\20241220_DDyaQSKS6ET\01.jpg,20241220,静止画,雰囲気/人物,眉,要目視,要目視,4:5,1080x1350,,,https://www.instagram.com/p/DDyaQSKS6ET/,要確認
C:\Users\hm60m\Documents\komi_instagram\20241220_DDyaQSKS6ET\02.jpg,20241220,静止画,雰囲気/人物,眉,要目視,要目視,4:5,1080x1350,,,https://www.instagram.com/p/DDyaQSKS6ET/,要確認
C:\Users\hm60m\Documents\komi_instagram\20241220_DDyaQSKS6ET\03.mp4,20241220,動画,ヒーロー候補,眉,要目視,要目視,4:5,360x450,5.0,,https://www.instagram.com/p/DDyaQSKS6ET/,要確認
C:\Users\hm60m\Documents\komi_instagram\20241220_DDyMiHoyWaA\01.jpg,20241220,静止画,症例,眉,要目視,要目視,4:5,1242x1552,,,https://www.instagram.com/p/DDyMiHoyWaA/,要確認
C:\Users\hm60m\Documents\komi_instagram\20241220_DDyMiHoyWaA\02.jpg,20241220,静止画,症例,眉,要目視,要目視,4:5,1242x1552,,,https://www.instagram.com/p/DDyMiHoyWaA/,要確認
C:\Users\hm60m\Documents\komi_instagram\20241220_DDyMiHoyWaA\03.mp4,20241220,動画,ヒーロー候補,眉,要目視,要目視,4:5,720x900,5.0,,https://www.instagram.com/p/DDyMiHoyWaA/,要確認
C:\Users\hm60m\Documents\komi_instagram\20241220_DDzssMKSOb1\01.jpg,20241220,静止画,症例,頭皮,要目視,要目視,4:5,1080x1350,,,https://www.instagram.com/p/DDzssMKSOb1/,要確認
C:\Users\hm60m\Documents\komi_instagram\20241220_DDzssMKSOb1\02.jpg,20241220,静止画,症例,頭皮,要目視,要目視,4:5,1080x1350,,,https://www.instagram.com/p/DDzssMKSOb1/,要確認
C:\Users\hm60m\Documents\komi_instagram\20241220_DDzssMKSOb1\03.jpg,20241220,静止画,症例,頭皮,要目視,要目視,4:5,1080x1350,,,https://www.instagram.com/p/DDzssMKSOb1/,要確認
C:\Users\hm60m\Documents\komi_instagram\20241220_DDzssMKSOb1\04.jpg,20241220,静止画,症例,頭皮,要目視,要目視,4:5,1080x1350,,,https://www.instagram.com/p/DDzssMKSOb1/,要確認
C:\Users\hm60m\Documents\komi_instagram\20241221_DD04M6TS3tl\01.mp4,20241221,動画,ヒーロー候補,眉,要目視,要目視,4:5,720x900,6.4,,https://www.instagram.com/p/DD04M6TS3tl/,要確認
C:\Users\hm60m\Documents\komi_instagram\20241221_DD04M6TS3tl\02.mp4,20241221,動画,ヒーロー候補,眉,要目視,要目視,4:5,720x900,5.0,,https://www.instagram.com/p/DD04M6TS3tl/,要確認
C:\Users\hm60m\Documents\komi_instagram\20241221_DD12CrfyETz\01.jpg,20241221,静止画,症例,リップ,要目視,要目視,4:5,1242x1552,,,https://www.instagram.com/p/DD12CrfyETz/,要確認
C:\Users\hm60m\Documents\komi_instagram\20241221_DD12CrfyETz\02.jpg,20241221,静止画,症例,リップ,要目視,要目視,4:5,1242x1552,,,https://www.instagram.com/p/DD12CrfyETz/,要確認
C:\Users\hm60m\Documents\komi_instagram\20241221_DD12CrfyETz\03.mp4,20241221,動画,ヒーロー候補,リップ,要目視,要目視,4:5,360x450,14.3,,https://www.instagram.com/p/DD12CrfyETz/,要確認
C:\Users\hm60m\Documents\komi_instagram\20241221_DD2mBBhSIfu\01.jpg,20241221,静止画,症例,ヘアライン,要目視,要目視,4:5,1242x1552,,,https://www.instagram.com/p/DD2mBBhSIfu/,要確認
C:\Users\hm60m\Documents\komi_instagram\20241221_DD2mBBhSIfu\02.jpg,20241221,静止画,症例,ヘアライン,要目視,要目視,4:5,1242x1552,,,https://www.instagram.com/p/DD2mBBhSIfu/,要確認
C:\Users\hm60m\Documents\komi_instagram\20241221_DD2mBBhSIfu\03.mp4,20241221,動画,ヒーロー候補,ヘアライン,要目視,要目視,4:5,360x450,5.0,,https://www.instagram.com/p/DD2mBBhSIfu/,要確認
C:\Users\hm60m\Documents\komi_instagram\20241222_DD3_SC0SRN7\01.jpg,20241222,静止画,症例,,要目視,要目視,4:5,1080x1350,,,https://www.instagram.com/p/DD3_SC0SRN7/,要確認
C:\Users\hm60m\Documents\komi_instagram\20241222_DD3_SC0SRN7\02.jpg,20241222,静止画,症例,,要目視,要目視,4:5,1080x1350,,,https://www.instagram.com/p/DD3_SC0SRN7/,要確認
C:\Users\hm60m\Documents\komi_instagram\20241222_DD3_SC0SRN7\03.jpg,20241222,静止画,症例,,要目視,要目視,4:5,1080x1350,,,https://www.instagram.com/p/DD3_SC0SRN7/,要確認
C:\Users\hm60m\Documents\komi_instagram\20241222_DD3_SC0SRN7\04.mp4,20241222,動画,ヒーロー候補,,要目視,要目視,4:5,720x900,5.1,,https://www.instagram.com/p/DD3_SC0SRN7/,要確認
C:\Users\hm60m\Documents\komi_instagram\20241222_DD5K1SlSBPf\01.jpg,20241222,静止画,症例,ヘアライン,要目視,要目視,4:5,1242x1552,,,https://www.instagram.com/p/DD5K1SlSBPf/,要確認
C:\Users\hm60m\Documents\komi_instagram\20241222_DD5K1SlSBPf\02.jpg,20241222,静止画,症例,ヘアライン,要目視,要目視,4:5,1242x1552,,,https://www.instagram.com/p/DD5K1SlSBPf/,要確認
C:\Users\hm60m\Documents\komi_instagram\20241222_DD5K1SlSBPf\03.mp4,20241222,動画,ヒーロー候補,ヘアライン,要目視,要目視,4:5,360x450,5.0,,https://www.instagram.com/p/DD5K1SlSBPf/,要確認
C:\Users\hm60m\Documents\komi_instagram\20241223_DD5tON_SjYg\01.mp4,20241223,動画,要確認,ヘアライン,要目視,要目視,4:5,716x894,3.1,,https://www.instagram.com/p/DD5tON_SjYg/,要確認
C:\Users\hm60m\Documents\komi_instagram\20241223_DD5tON_SjYg\02.mp4,20241223,動画,ヒーロー候補,ヘアライン,要目視,要目視,4:5,360x448,5.0,,https://www.instagram.com/p/DD5tON_SjYg/,要確認
C:\Users\hm60m\Documents\komi_instagram\20241223_DD6_iWVS_Qt\01.mp4,20241223,動画,ヒーロー候補,ヘアライン,要目視,要目視,9:16,720x1280,9.9,,https://www.instagram.com/p/DD6_iWVS_Qt/,要確認
C:\Users\hm60m\Documents\komi_instagram\20241223_DD6Bv2LSX3U\01.jpg,20241223,静止画,症例,リップ,要目視,要目視,4:5,1242x1552,,,https://www.instagram.com/p/DD6Bv2LSX3U/,要確認
C:\Users\hm60m\Documents\komi_instagram\20241223_DD6Bv2LSX3U\02.jpg,20241223,静止画,症例,リップ,要目視,要目視,4:5,1242x1552,,,https://www.instagram.com/p/DD6Bv2LSX3U/,要確認
C:\Users\hm60m\Documents\komi_instagram\20241223_DD6Bv2LSX3U\03.mp4,20241223,動画,ヒーロー候補,リップ,要目視,要目視,4:5,360x450,5.0,,https://www.instagram.com/p/DD6Bv2LSX3U/,要確認
C:\Users\hm60m\Documents\komi_instagram\20241223_DD7vrBnSw4L\01.mp4,20241223,動画,ヒーロー候補,,要目視,要目視,4:5,360x450,5.8,,https://www.instagram.com/p/DD7vrBnSw4L/,要確認
C:\Users\hm60m\Documents\komi_instagram\20241223_DD7vrBnSw4L\02.jpg,20241223,静止画,症例,,要目視,要目視,4:5,1242x1551,,,https://www.instagram.com/p/DD7vrBnSw4L/,要確認
C:\Users\hm60m\Documents\komi_instagram\20241223_DD7vrBnSw4L\03.mp4,20241223,動画,ヒーロー候補,,要目視,要目視,4:5,360x450,12.3,,https://www.instagram.com/p/DD7vrBnSw4L/,要確認
C:\Users\hm60m\Documents\komi_instagram\20241224_DD-2030SEzc\01.jpg,20241224,静止画,症例,眉,要目視,要目視,4:5,1242x1552,,,https://www.instagram.com/p/DD-2030SEzc/,要確認
C:\Users\hm60m\Documents\komi_instagram\20241224_DD-2030SEzc\02.jpg,20241224,静止画,症例,眉,要目視,要目視,4:5,1242x1552,,,https://www.instagram.com/p/DD-2030SEzc/,要確認
C:\Users\hm60m\Documents\komi_instagram\20241224_DD-2030SEzc\03.jpg,20241224,静止画,症例,眉,要目視,要目視,4:5,1242x1552,,,https://www.instagram.com/p/DD-2030SEzc/,要確認
C:\Users\hm60m\Documents\komi_instagram\20241224_DD-2030SEzc\04.mp4,20241224,動画,ヒーロー候補,眉,要目視,要目視,4:5,720x900,5.0,,https://www.instagram.com/p/DD-2030SEzc/,要確認
C:\Users\hm60m\Documents\komi_instagram\20241224_DD-Ud9ay_22\01.jpg,20241224,静止画,症例,,要目視,要目視,4:5,1080x1350,,,https://www.instagram.com/p/DD-Ud9ay_22/,要確認
C:\Users\hm60m\Documents\komi_instagram\20241224_DD-Ud9ay_22\02.jpg,20241224,静止画,症例,,要目視,要目視,4:5,1080x1350,,,https://www.instagram.com/p/DD-Ud9ay_22/,要確認
C:\Users\hm60m\Documents\komi_instagram\20241224_DD-Ud9ay_22\03.mp4,20241224,動画,ヒーロー候補,,要目視,要目視,4:5,720x900,5.0,,https://www.instagram.com/p/DD-Ud9ay_22/,要確認
C:\Users\hm60m\Documents\komi_instagram\20241224_DD-UdepyqyU\01.jpg,20241224,静止画,症例,眉,要目視,要目視,4:5,1242x1552,,,https://www.instagram.com/p/DD-UdepyqyU/,要確認
C:\Users\hm60m\Documents\komi_instagram\20241224_DD-UdepyqyU\02.jpg,20241224,静止画,症例,眉,要目視,要目視,4:5,1242x1552,,,https://www.instagram.com/p/DD-UdepyqyU/,要確認
C:\Users\hm60m\Documents\komi_instagram\20241224_DD-UdepyqyU\03.mp4,20241224,動画,ヒーロー候補,眉,要目視,要目視,4:5,360x450,5.0,,https://www.instagram.com/p/DD-UdepyqyU/,要確認
C:\Users\hm60m\Documents\komi_instagram\20241224_DD9I4FyS7XI\01.jpg,20241224,静止画,症例,眉,要目視,要目視,4:5,1242x1552,,,https://www.instagram.com/p/DD9I4FyS7XI/,要確認
C:\Users\hm60m\Documents\komi_instagram\20241224_DD9I4FyS7XI\02.jpg,20241224,静止画,症例,眉,要目視,要目視,4:5,1242x1552,,,https://www.instagram.com/p/DD9I4FyS7XI/,要確認
C:\Users\hm60m\Documents\komi_instagram\20241224_DD9I4FyS7XI\03.mp4,20241224,動画,ヒーロー候補,眉,要目視,要目視,4:5,720x900,5.1,,https://www.instagram.com/p/DD9I4FyS7XI/,要確認
C:\Users\hm60m\Documents\komi_instagram\20241224_DD9rOtOSwRY\01.jpg,20241224,静止画,症例,眉,要目視,要目視,4:5,1242x1552,,,https://www.instagram.com/p/DD9rOtOSwRY/,要確認
C:\Users\hm60m\Documents\komi_instagram\20241224_DD9rOtOSwRY\02.jpg,20241224,静止画,症例,眉,要目視,要目視,4:5,1242x1552,,,https://www.instagram.com/p/DD9rOtOSwRY/,要確認
C:\Users\hm60m\Documents\komi_instagram\20241224_DD9rOtOSwRY\03.mp4,20241224,動画,ヒーロー候補,眉,要目視,要目視,4:5,360x450,5.0,,https://www.instagram.com/p/DD9rOtOSwRY/,要確認
C:\Users\hm60m\Documents\komi_instagram\20241224_DD9Wm32SfwX\01.mp4,20241224,動画,ヒーロー候補,眉,要目視,要目視,4:5,360x450,7.2,,https://www.instagram.com/p/DD9Wm32SfwX/,要確認
C:\Users\hm60m\Documents\komi_instagram\20241224_DD9Wm32SfwX\02.mp4,20241224,動画,ヒーロー候補,眉,要目視,要目視,4:5,360x450,5.0,,https://www.instagram.com/p/DD9Wm32SfwX/,要確認
C:\Users\hm60m\Documents\komi_instagram\20241225_DD-v7z_S2dA\01.jpg,20241225,静止画,症例,眉,要目視,要目視,4:5,1242x1552,,,https://www.instagram.com/p/DD-v7z_S2dA/,要確認
C:\Users\hm60m\Documents\komi_instagram\20241225_DD-v7z_S2dA\02.jpg,20241225,静止画,症例,眉,要目視,要目視,4:5,1242x1552,,,https://www.instagram.com/p/DD-v7z_S2dA/,要確認
C:\Users\hm60m\Documents\komi_instagram\20241225_DD-v7z_S2dA\03.mp4,20241225,動画,ヒーロー候補,眉,要目視,要目視,4:5,720x900,5.0,,https://www.instagram.com/p/DD-v7z_S2dA/,要確認
C:\Users\hm60m\Documents\komi_instagram\20241225_DD_6Avfy6A4\01.jpg,20241225,静止画,症例,,要目視,要目視,4:5,1440x1800,,,https://www.instagram.com/p/DD_6Avfy6A4/,要確認
C:\Users\hm60m\Documents\komi_instagram\20241225_DD_6Avfy6A4\02.jpg,20241225,静止画,症例,,要目視,要目視,4:5,1440x1800,,,https://www.instagram.com/p/DD_6Avfy6A4/,要確認
C:\Users\hm60m\Documents\komi_instagram\20241225_DD_6Avfy6A4\03.jpg,20241225,静止画,症例,,要目視,要目視,4:5,1440x1800,,,https://www.instagram.com/p/DD_6Avfy6A4/,要確認
C:\Users\hm60m\Documents\komi_instagram\20241225_DD_6Avfy6A4\04.jpg,20241225,静止画,症例,,要目視,要目視,4:5,1440x1800,,,https://www.instagram.com/p/DD_6Avfy6A4/,要確認
C:\Users\hm60m\Documents\komi_instagram\20241225_DD_6Avfy6A4\05.jpg,20241225,静止画,症例,,要目視,要目視,4:5,1440x1800,,,https://www.instagram.com/p/DD_6Avfy6A4/,要確認
C:\Users\hm60m\Documents\komi_instagram\20241225_DD_6Avfy6A4\06.jpg,20241225,静止画,症例,,要目視,要目視,4:5,1440x1800,,,https://www.instagram.com/p/DD_6Avfy6A4/,要確認
C:\Users\hm60m\Documents\komi_instagram\20241225_DD_EfxLS7wW\01.mp4,20241225,動画,ヒーロー候補,リップ,要目視,要目視,4:5,720x900,7.5,,https://www.instagram.com/p/DD_EfxLS7wW/,要確認
C:\Users\hm60m\Documents\komi_instagram\20241225_DD_EfxLS7wW\02.mp4,20241225,動画,ヒーロー候補,リップ,要目視,要目視,4:5,360x450,7.5,,https://www.instagram.com/p/DD_EfxLS7wW/,要確認
C:\Users\hm60m\Documents\komi_instagram\20241225_DD_EfxLS7wW\03.mp4,20241225,動画,ヒーロー候補,リップ,要目視,要目視,4:5,360x450,5.0,,https://www.instagram.com/p/DD_EfxLS7wW/,要確認
C:\Users\hm60m\Documents\komi_instagram\20241225_DD_LaP4SPBY\01.jpg,20241225,静止画,症例,アイライン,要目視,要目視,4:5,1242x1552,,,https://www.instagram.com/p/DD_LaP4SPBY/,要確認
C:\Users\hm60m\Documents\komi_instagram\20241225_DD_LaP4SPBY\02.jpg,20241225,静止画,症例,アイライン,要目視,要目視,4:5,1242x1552,,,https://www.instagram.com/p/DD_LaP4SPBY/,要確認
C:\Users\hm60m\Documents\komi_instagram\20241225_DD_LaP4SPBY\03.jpg,20241225,静止画,症例,アイライン,要目視,要目視,4:5,1242x1552,,,https://www.instagram.com/p/DD_LaP4SPBY/,要確認
C:\Users\hm60m\Documents\komi_instagram\20241225_DD_LaP4SPBY\04.mp4,20241225,動画,ヒーロー候補,アイライン,要目視,要目視,4:5,360x448,5.0,,https://www.instagram.com/p/DD_LaP4SPBY/,要確認
C:\Users\hm60m\Documents\komi_instagram\20241225_DEA5NRNSxkv\01.jpg,20241225,静止画,症例,眉,要目視,要目視,4:5,1242x1552,,,https://www.instagram.com/p/DEA5NRNSxkv/,要確認
C:\Users\hm60m\Documents\komi_instagram\20241225_DEA5NRNSxkv\02.jpg,20241225,静止画,症例,眉,要目視,要目視,4:5,1242x1552,,,https://www.instagram.com/p/DEA5NRNSxkv/,要確認
C:\Users\hm60m\Documents\komi_instagram\20241225_DEA5NRNSxkv\03.mp4,20241225,動画,ヒーロー候補,眉,要目視,要目視,4:5,360x448,5.0,,https://www.instagram.com/p/DEA5NRNSxkv/,要確認
C:\Users\hm60m\Documents\komi_instagram\20241225_DEAJKyHSYGM\01.mp4,20241225,動画,ヒーロー候補,眉,要目視,要目視,4:5,716x894,10.7,,https://www.instagram.com/p/DEAJKyHSYGM/,要確認
C:\Users\hm60m\Documents\komi_instagram\20241225_DEAJKyHSYGM\02.mp4,20241225,動画,ヒーロー候補,眉,要目視,要目視,4:5,360x448,10.7,,https://www.instagram.com/p/DEAJKyHSYGM/,要確認
C:\Users\hm60m\Documents\komi_instagram\20241225_DEAJKyHSYGM\03.mp4,20241225,動画,ヒーロー候補,眉,要目視,要目視,4:5,360x448,5.0,,https://www.instagram.com/p/DEAJKyHSYGM/,要確認
C:\Users\hm60m\Documents\komi_instagram\20241226_DECSirzScJz\01.jpg,20241226,静止画,症例,眉,要目視,要目視,4:5,1242x1552,,,https://www.instagram.com/p/DECSirzScJz/,要確認
C:\Users\hm60m\Documents\komi_instagram\20241226_DECSirzScJz\02.jpg,20241226,静止画,症例,眉,要目視,要目視,4:5,1242x1552,,,https://www.instagram.com/p/DECSirzScJz/,要確認
C:\Users\hm60m\Documents\komi_instagram\20241226_DECSirzScJz\03.mp4,20241226,動画,ヒーロー候補,眉,要目視,要目視,4:5,360x448,5.0,,https://www.instagram.com/p/DECSirzScJz/,要確認
C:\Users\hm60m\Documents\komi_instagram\20241226_DECuA7wS2bb\01.jpg,20241226,静止画,症例,眉,要目視,要目視,4:5,1242x1552,,,https://www.instagram.com/p/DECuA7wS2bb/,要確認
C:\Users\hm60m\Documents\komi_instagram\20241226_DECuA7wS2bb\02.jpg,20241226,静止画,症例,眉,要目視,要目視,4:5,1242x1552,,,https://www.instagram.com/p/DECuA7wS2bb/,要確認
C:\Users\hm60m\Documents\komi_instagram\20241226_DECuA7wS2bb\03.mp4,20241226,動画,ヒーロー候補,眉,要目視,要目視,4:5,720x900,5.0,,https://www.instagram.com/p/DECuA7wS2bb/,要確認
C:\Users\hm60m\Documents\komi_instagram\20241226_DEDeCQFygsu\01.mp4,20241226,動画,ヒーロー候補,眉,要目視,要目視,4:5,716x894,8.8,,https://www.instagram.com/p/DEDeCQFygsu/,要確認
C:\Users\hm60m\Documents\komi_instagram\20241226_DEDeCQFygsu\02.mp4,20241226,動画,ヒーロー候補,眉,要目視,要目視,4:5,360x448,5.0,,https://www.instagram.com/p/DEDeCQFygsu/,要確認
C:\Users\hm60m\Documents\komi_instagram\20241227_DEEAXLRS4iI\01.jpg,20241227,静止画,症例,眉,要目視,要目視,4:5,1242x1552,,,https://www.instagram.com/p/DEEAXLRS4iI/,要確認
C:\Users\hm60m\Documents\komi_instagram\20241227_DEEAXLRS4iI\02.jpg,20241227,静止画,症例,眉,要目視,要目視,4:5,1242x1552,,,https://www.instagram.com/p/DEEAXLRS4iI/,要確認
C:\Users\hm60m\Documents\komi_instagram\20241227_DEEAXLRS4iI\03.mp4,20241227,動画,ヒーロー候補,眉,要目視,要目視,4:5,360x450,5.0,,https://www.instagram.com/p/DEEAXLRS4iI/,要確認
C:\Users\hm60m\Documents\komi_instagram\20241227_DEEb3uuSnlD\01.jpg,20241227,静止画,症例,アイライン,要目視,要目視,4:5,1242x1552,,,https://www.instagram.com/p/DEEb3uuSnlD/,要確認
C:\Users\hm60m\Documents\komi_instagram\20241227_DEEb3uuSnlD\02.jpg,20241227,静止画,症例,アイライン,要目視,要目視,4:5,1242x1552,,,https://www.instagram.com/p/DEEb3uuSnlD/,要確認
C:\Users\hm60m\Documents\komi_instagram\20241227_DEEb3uuSnlD\03.jpg,20241227,静止画,症例,アイライン,要目視,要目視,4:5,1242x1552,,,https://www.instagram.com/p/DEEb3uuSnlD/,要確認
C:\Users\hm60m\Documents\komi_instagram\20241227_DEEb3uuSnlD\04.mp4,20241227,動画,ヒーロー候補,アイライン,要目視,要目視,4:5,716x894,5.0,,https://www.instagram.com/p/DEEb3uuSnlD/,要確認
C:\Users\hm60m\Documents\komi_instagram\20241227_DEFZlkRSfGE\01.jpg,20241227,静止画,症例,リップ,要目視,要目視,4:5,1242x1552,,,https://www.instagram.com/p/DEFZlkRSfGE/,要確認
C:\Users\hm60m\Documents\komi_instagram\20241227_DEFZlkRSfGE\02.mp4,20241227,動画,ヒーロー候補,リップ,要目視,要目視,4:5,360x450,12.0,,https://www.instagram.com/p/DEFZlkRSfGE/,要確認
C:\Users\hm60m\Documents\komi_instagram\20241227_DEFZoYfyrjY\01.jpg,20241227,静止画,症例,眉,要目視,要目視,4:5,1242x1552,,,https://www.instagram.com/p/DEFZoYfyrjY/,要確認
C:\Users\hm60m\Documents\komi_instagram\20241227_DEFZoYfyrjY\02.jpg,20241227,静止画,症例,眉,要目視,要目視,4:5,1242x1552,,,https://www.instagram.com/p/DEFZoYfyrjY/,要確認
C:\Users\hm60m\Documents\komi_instagram\20241227_DEFZoYfyrjY\03.jpg,20241227,静止画,症例,眉,要目視,要目視,4:5,1242x1552,,,https://www.instagram.com/p/DEFZoYfyrjY/,要確認
C:\Users\hm60m\Documents\komi_instagram\20241227_DEFZoYfyrjY\04.jpg,20241227,静止画,症例,眉,要目視,要目視,4:5,1242x1552,,,https://www.instagram.com/p/DEFZoYfyrjY/,要確認
C:\Users\hm60m\Documents\komi_instagram\20241227_DEFZoYfyrjY\05.mp4,20241227,動画,ヒーロー候補,眉,要目視,要目視,4:5,720x900,5.0,,https://www.instagram.com/p/DEFZoYfyrjY/,要確認
C:\Users\hm60m\Documents\komi_instagram\20241228_DEFZrOByO5N\01.jpg,20241228,静止画,症例,,要目視,要目視,4:5,1242x1552,,,https://www.instagram.com/p/DEFZrOByO5N/,要確認
C:\Users\hm60m\Documents\komi_instagram\20241228_DEFZrOByO5N\02.jpg,20241228,静止画,症例,,要目視,要目視,4:5,1242x1552,,,https://www.instagram.com/p/DEFZrOByO5N/,要確認
C:\Users\hm60m\Documents\komi_instagram\20241228_DEFZrOByO5N\03.mp4,20241228,動画,ヒーロー候補,,要目視,要目視,4:5,360x448,5.0,,https://www.instagram.com/p/DEFZrOByO5N/,要確認
C:\Users\hm60m\Documents\komi_instagram\20241228_DEGlIflyrik\01.jpg,20241228,静止画,症例,ヘアライン,要目視,要目視,4:5,1242x1552,,,https://www.instagram.com/p/DEGlIflyrik/,要確認
C:\Users\hm60m\Documents\komi_instagram\20241228_DEGlIflyrik\02.jpg,20241228,静止画,症例,ヘアライン,要目視,要目視,4:5,1242x1552,,,https://www.instagram.com/p/DEGlIflyrik/,要確認
C:\Users\hm60m\Documents\komi_instagram\20241228_DEGlIflyrik\03.mp4,20241228,動画,ヒーロー候補,ヘアライン,要目視,要目視,4:5,360x450,5.0,,https://www.instagram.com/p/DEGlIflyrik/,要確認
C:\Users\hm60m\Documents\komi_instagram\20241228_DEInnuuyP4O\01.jpg,20241228,静止画,症例,,要目視,要目視,4:5,1080x1350,,,https://www.instagram.com/p/DEInnuuyP4O/,要確認
C:\Users\hm60m\Documents\komi_instagram\20241228_DEInnuuyP4O\02.jpg,20241228,静止画,症例,,要目視,要目視,4:5,1080x1350,,,https://www.instagram.com/p/DEInnuuyP4O/,要確認
C:\Users\hm60m\Documents\komi_instagram\20241229_DEJJ7W1SZix\01.jpg,20241229,静止画,症例,アイライン,要目視,要目視,4:5,1242x1552,,,https://www.instagram.com/p/DEJJ7W1SZix/,要確認
C:\Users\hm60m\Documents\komi_instagram\20241229_DEJJ7W1SZix\02.jpg,20241229,静止画,症例,アイライン,要目視,要目視,4:5,1242x1552,,,https://www.instagram.com/p/DEJJ7W1SZix/,要確認
C:\Users\hm60m\Documents\komi_instagram\20241229_DEJJ7W1SZix\03.mp4,20241229,動画,ヒーロー候補,アイライン,要目視,要目視,4:5,360x450,5.0,,https://www.instagram.com/p/DEJJ7W1SZix/,要確認
C:\Users\hm60m\Documents\komi_instagram\20241229_DEJlcngS-7p\01.jpg,20241229,静止画,症例,アイライン,要目視,要目視,4:5,1242x1552,,,https://www.instagram.com/p/DEJlcngS-7p/,要確認
C:\Users\hm60m\Documents\komi_instagram\20241229_DEJlcngS-7p\02.jpg,20241229,静止画,症例,アイライン,要目視,要目視,4:5,1242x1552,,,https://www.instagram.com/p/DEJlcngS-7p/,要確認
C:\Users\hm60m\Documents\komi_instagram\20241229_DEJlcngS-7p\03.mp4,20241229,動画,ヒーロー候補,アイライン,要目視,要目視,4:5,360x448,5.0,,https://www.instagram.com/p/DEJlcngS-7p/,要確認
C:\Users\hm60m\Documents\komi_instagram\20241229_DEKA4NAS4-m\01.jpg,20241229,静止画,症例,アイライン,要目視,要目視,4:5,1242x1552,,,https://www.instagram.com/p/DEKA4NAS4-m/,要確認
C:\Users\hm60m\Documents\komi_instagram\20241229_DEKA4NAS4-m\02.jpg,20241229,静止画,症例,アイライン,要目視,要目視,4:5,1242x1552,,,https://www.instagram.com/p/DEKA4NAS4-m/,要確認
C:\Users\hm60m\Documents\komi_instagram\20241229_DEKA4NAS4-m\03.mp4,20241229,動画,ヒーロー候補,アイライン,要目視,要目視,4:5,360x450,5.0,,https://www.instagram.com/p/DEKA4NAS4-m/,要確認
C:\Users\hm60m\Documents\komi_instagram\20241229_DEKcYeHS7UG\01.jpg,20241229,静止画,症例,リップ,要目視,要目視,4:5,1242x1552,,,https://www.instagram.com/p/DEKcYeHS7UG/,要確認
C:\Users\hm60m\Documents\komi_instagram\20241229_DEKcYeHS7UG\02.mp4,20241229,動画,ヒーロー候補,リップ,要目視,要目視,4:5,360x448,5.0,,https://www.instagram.com/p/DEKcYeHS7UG/,要確認
C:\Users\hm60m\Documents\komi_instagram\20241229_DELMZIGSdJ8\01.jpg,20241229,静止画,症例,ヘアライン,要目視,要目視,4:5,1242x1552,,,https://www.instagram.com/p/DELMZIGSdJ8/,要確認
C:\Users\hm60m\Documents\komi_instagram\20241229_DELMZIGSdJ8\02.mp4,20241229,動画,ヒーロー候補,ヘアライン,要目視,要目視,4:5,716x894,5.0,,https://www.instagram.com/p/DELMZIGSdJ8/,要確認
C:\Users\hm60m\Documents\komi_instagram\20241230_DELuvOYyBqM\01.jpg,20241230,静止画,症例,,要目視,要目視,4:5,1080x1350,,,https://www.instagram.com/p/DELuvOYyBqM/,要確認
C:\Users\hm60m\Documents\komi_instagram\20241230_DELuvOYyBqM\02.jpg,20241230,静止画,症例,,要目視,要目視,4:5,1080x1350,,,https://www.instagram.com/p/DELuvOYyBqM/,要確認
C:\Users\hm60m\Documents\komi_instagram\20241230_DEMDZR4SyKE\01.jpg,20241230,静止画,症例,眉,要目視,要目視,4:5,1242x1552,,,https://www.instagram.com/p/DEMDZR4SyKE/,要確認
C:\Users\hm60m\Documents\komi_instagram\20241230_DEMDZR4SyKE\02.mp4,20241230,動画,ヒーロー候補,眉,要目視,要目視,4:5,716x894,5.0,,https://www.instagram.com/p/DEMDZR4SyKE/,要確認
C:\Users\hm60m\Documents\komi_instagram\20241230_DEMX_EmyNJr\01.jpg,20241230,静止画,症例,眉,要目視,要目視,4:5,1242x1552,,,https://www.instagram.com/p/DEMX_EmyNJr/,要確認
C:\Users\hm60m\Documents\komi_instagram\20241230_DEMX_EmyNJr\02.mp4,20241230,動画,ヒーロー候補,眉,要目視,要目視,4:5,716x894,5.0,,https://www.instagram.com/p/DEMX_EmyNJr/,要確認
C:\Users\hm60m\Documents\komi_instagram\20241230_DEMzZ1KyC7X\01.jpg,20241230,静止画,症例,眉,要目視,要目視,4:5,1242x1552,,,https://www.instagram.com/p/DEMzZ1KyC7X/,要確認
C:\Users\hm60m\Documents\komi_instagram\20241230_DEMzZ1KyC7X\02.jpg,20241230,静止画,症例,眉,要目視,要目視,4:5,1242x1552,,,https://www.instagram.com/p/DEMzZ1KyC7X/,要確認
C:\Users\hm60m\Documents\komi_instagram\20241230_DEMzZ1KyC7X\03.mp4,20241230,動画,ヒーロー候補,眉,要目視,要目視,4:5,360x448,5.0,,https://www.instagram.com/p/DEMzZ1KyC7X/,要確認
C:\Users\hm60m\Documents\komi_instagram\20241230_DENBG0RyYyR\01.jpg,20241230,静止画,症例,眉,要目視,要目視,4:5,1242x1552,,,https://www.instagram.com/p/DENBG0RyYyR/,要確認
C:\Users\hm60m\Documents\komi_instagram\20241230_DENBG0RyYyR\02.jpg,20241230,静止画,症例,眉,要目視,要目視,4:5,1242x1552,,,https://www.instagram.com/p/DENBG0RyYyR/,要確認
C:\Users\hm60m\Documents\komi_instagram\20241230_DENBG0RyYyR\03.mp4,20241230,動画,ヒーロー候補,眉,要目視,要目視,4:5,360x448,5.0,,https://www.instagram.com/p/DENBG0RyYyR/,要確認
C:\Users\hm60m\Documents\komi_instagram\20241230_DENxMqyyiXD\01.jpg,20241230,静止画,症例,眉,要目視,要目視,4:5,1242x1552,,,https://www.instagram.com/p/DENxMqyyiXD/,要確認
C:\Users\hm60m\Documents\komi_instagram\20241230_DENxMqyyiXD\02.jpg,20241230,静止画,症例,眉,要目視,要目視,4:5,1242x1552,,,https://www.instagram.com/p/DENxMqyyiXD/,要確認
C:\Users\hm60m\Documents\komi_instagram\20241230_DENxMqyyiXD\03.mp4,20241230,動画,ヒーロー候補,眉,要目視,要目視,4:5,716x894,5.0,,https://www.instagram.com/p/DENxMqyyiXD/,要確認
C:\Users\hm60m\Documents\komi_instagram\20241231_DEOFxRwyZB_\01.jpg,20241231,静止画,症例,眉,要目視,要目視,4:5,1242x1552,,,https://www.instagram.com/p/DEOFxRwyZB_/,要確認
C:\Users\hm60m\Documents\komi_instagram\20241231_DEOFxRwyZB_\02.jpg,20241231,静止画,症例,眉,要目視,要目視,4:5,1242x1552,,,https://www.instagram.com/p/DEOFxRwyZB_/,要確認
C:\Users\hm60m\Documents\komi_instagram\20241231_DEOFxRwyZB_\03.mp4,20241231,動画,ヒーロー候補,眉,要目視,要目視,4:5,360x448,5.0,,https://www.instagram.com/p/DEOFxRwyZB_/,要確認
C:\Users\hm60m\Documents\komi_instagram\20241231_DEOhS-4SMni\01.mp4,20241231,動画,ヒーロー候補,眉,要目視,要目視,9:16,360x640,17.0,,https://www.instagram.com/p/DEOhS-4SMni/,要確認
C:\Users\hm60m\Documents\komi_instagram\20241231_DEPKcblSt4e\01.jpg,20241231,静止画,症例,リップ,要目視,要目視,4:5,1440x1800,,,https://www.instagram.com/p/DEPKcblSt4e/,要確認
C:\Users\hm60m\Documents\komi_instagram\20241231_DEPKcblSt4e\02.jpg,20241231,静止画,症例,リップ,要目視,要目視,4:5,1440x1800,,,https://www.instagram.com/p/DEPKcblSt4e/,要確認
C:\Users\hm60m\Documents\komi_instagram\20241231_DEPKcblSt4e\03.mp4,20241231,動画,ヒーロー候補,リップ,要目視,要目視,4:5,360x450,5.0,,https://www.instagram.com/p/DEPKcblSt4e/,要確認
C:\Users\hm60m\Documents\komi_instagram\20241231_DEQIQSwSVN2\01.jpg,20241231,静止画,症例,,要目視,要目視,1:1,1440x1440,,,https://www.instagram.com/p/DEQIQSwSVN2/,要確認
C:\Users\hm60m\Documents\komi_instagram\20250101_DESbOClSG6U\01.jpg,20250101,静止画,症例,眉,要目視,要目視,4:5,1440x1800,,,https://www.instagram.com/p/DESbOClSG6U/,要確認
C:\Users\hm60m\Documents\komi_instagram\20250101_DESbOClSG6U\02.jpg,20250101,静止画,症例,眉,要目視,要目視,4:5,1440x1800,,,https://www.instagram.com/p/DESbOClSG6U/,要確認
C:\Users\hm60m\Documents\komi_instagram\20250101_DESbOClSG6U\03.mp4,20250101,動画,ヒーロー候補,眉,要目視,要目視,4:5,360x448,6.4,,https://www.instagram.com/p/DESbOClSG6U/,要確認
C:\Users\hm60m\Documents\komi_instagram\20250101_DESbOClSG6U\04.jpg,20250101,静止画,症例,眉,要目視,要目視,4:5,1440x1800,,,https://www.instagram.com/p/DESbOClSG6U/,要確認
C:\Users\hm60m\Documents\komi_instagram\20250101_DESbOClSG6U\05.jpg,20250101,静止画,症例,眉,要目視,要目視,4:5,1440x1800,,,https://www.instagram.com/p/DESbOClSG6U/,要確認
C:\Users\hm60m\Documents\komi_instagram\20250101_DESbOClSG6U\06.mp4,20250101,動画,ヒーロー候補,眉,要目視,要目視,4:5,360x448,5.0,,https://www.instagram.com/p/DESbOClSG6U/,要確認
C:\Users\hm60m\Documents\komi_instagram\20250102_DEUkdBySS37\01.jpg,20250102,静止画,症例,アイライン,要目視,要目視,4:5,1440x1800,,,https://www.instagram.com/p/DEUkdBySS37/,要確認
C:\Users\hm60m\Documents\komi_instagram\20250102_DEUkdBySS37\02.jpg,20250102,静止画,症例,アイライン,要目視,要目視,4:5,1440x1800,,,https://www.instagram.com/p/DEUkdBySS37/,要確認
C:\Users\hm60m\Documents\komi_instagram\20250102_DEUkdBySS37\03.jpg,20250102,静止画,症例,アイライン,要目視,要目視,4:5,1440x1800,,,https://www.instagram.com/p/DEUkdBySS37/,要確認
C:\Users\hm60m\Documents\komi_instagram\20250102_DEUkdBySS37\04.jpg,20250102,静止画,症例,アイライン,要目視,要目視,4:5,1440x1800,,,https://www.instagram.com/p/DEUkdBySS37/,要確認
C:\Users\hm60m\Documents\komi_instagram\20250102_DEUkdBySS37\05.jpg,20250102,静止画,症例,アイライン,要目視,要目視,4:5,1440x1800,,,https://www.instagram.com/p/DEUkdBySS37/,要確認
C:\Users\hm60m\Documents\komi_instagram\20250102_DEUkdBySS37\06.mp4,20250102,動画,ヒーロー候補,アイライン,要目視,要目視,4:5,360x450,5.0,,https://www.instagram.com/p/DEUkdBySS37/,要確認
C:\Users\hm60m\Documents\komi_instagram\20250103_DEYSHkaS7a2\01.mp4,20250103,動画,ヒーロー候補,ヘアライン,要目視,要目視,9:16,720x1280,10.0,,https://www.instagram.com/p/DEYSHkaS7a2/,要確認
C:\Users\hm60m\Documents\komi_instagram\20250104_DEZk3_2yU3U\01.jpg,20250104,静止画,症例,眉,要目視,要目視,4:5,1440x1800,,,https://www.instagram.com/p/DEZk3_2yU3U/,要確認
C:\Users\hm60m\Documents\komi_instagram\20250104_DEZk3_2yU3U\02.jpg,20250104,静止画,症例,眉,要目視,要目視,4:5,1440x1800,,,https://www.instagram.com/p/DEZk3_2yU3U/,要確認
C:\Users\hm60m\Documents\komi_instagram\20250104_DEZk3_2yU3U\03.jpg,20250104,静止画,症例,眉,要目視,要目視,4:5,1440x1800,,,https://www.instagram.com/p/DEZk3_2yU3U/,要確認
C:\Users\hm60m\Documents\komi_instagram\20250104_DEZk3_2yU3U\04.mp4,20250104,動画,ヒーロー候補,眉,要目視,要目視,4:5,360x448,5.0,,https://www.instagram.com/p/DEZk3_2yU3U/,要確認
C:\Users\hm60m\Documents\komi_instagram\20250105_DEbf1m-yazb\01.jpg,20250105,静止画,症例,眉,要目視,要目視,4:5,1440x1800,,,https://www.instagram.com/p/DEbf1m-yazb/,要確認
C:\Users\hm60m\Documents\komi_instagram\20250105_DEbf1m-yazb\02.jpg,20250105,静止画,症例,眉,要目視,要目視,4:5,1440x1800,,,https://www.instagram.com/p/DEbf1m-yazb/,要確認
C:\Users\hm60m\Documents\komi_instagram\20250105_DEbf1m-yazb\03.jpg,20250105,静止画,症例,眉,要目視,要目視,4:5,1440x1800,,,https://www.instagram.com/p/DEbf1m-yazb/,要確認
C:\Users\hm60m\Documents\komi_instagram\20250105_DEbf1m-yazb\04.jpg,20250105,静止画,症例,眉,要目視,要目視,4:5,1440x1800,,,https://www.instagram.com/p/DEbf1m-yazb/,要確認
C:\Users\hm60m\Documents\komi_instagram\20250105_DEbf1m-yazb\05.jpg,20250105,静止画,症例,眉,要目視,要目視,4:5,1440x1800,,,https://www.instagram.com/p/DEbf1m-yazb/,要確認
C:\Users\hm60m\Documents\komi_instagram\20250105_DEbf1m-yazb\06.mp4,20250105,動画,ヒーロー候補,眉,要目視,要目視,4:5,360x448,5.0,,https://www.instagram.com/p/DEbf1m-yazb/,要確認
C:\Users\hm60m\Documents\komi_instagram\20250105_DEcCeabSrms\01.jpg,20250105,静止画,症例,,要目視,要目視,4:5,1440x1800,,,https://www.instagram.com/p/DEcCeabSrms/,要確認
C:\Users\hm60m\Documents\komi_instagram\20250105_DEcCeabSrms\02.jpg,20250105,静止画,症例,,要目視,要目視,4:5,1440x1800,,,https://www.instagram.com/p/DEcCeabSrms/,要確認
C:\Users\hm60m\Documents\komi_instagram\20250105_DEcCeabSrms\03.mp4,20250105,動画,ヒーロー候補,,要目視,要目視,4:5,360x448,5.0,,https://www.instagram.com/p/DEcCeabSrms/,要確認
C:\Users\hm60m\Documents\komi_instagram\20250105_DEdKhWVyyZQ\01.jpg,20250105,静止画,症例,眉,要目視,要目視,4:5,1440x1800,,,https://www.instagram.com/p/DEdKhWVyyZQ/,要確認
C:\Users\hm60m\Documents\komi_instagram\20250105_DEdKhWVyyZQ\02.jpg,20250105,静止画,症例,眉,要目視,要目視,4:5,1440x1800,,,https://www.instagram.com/p/DEdKhWVyyZQ/,要確認
C:\Users\hm60m\Documents\komi_instagram\20250105_DEdKhWVyyZQ\03.jpg,20250105,静止画,症例,眉,要目視,要目視,4:5,1440x1800,,,https://www.instagram.com/p/DEdKhWVyyZQ/,要確認
C:\Users\hm60m\Documents\komi_instagram\20250105_DEdKhWVyyZQ\04.mp4,20250105,動画,ヒーロー候補,眉,要目視,要目視,4:5,360x448,5.0,,https://www.instagram.com/p/DEdKhWVyyZQ/,要確認
C:\Users\hm60m\Documents\komi_instagram\20250106_DEeuFrdSY50\01.jpg,20250106,静止画,症例,眉,要目視,要目視,4:5,1440x1800,,,https://www.instagram.com/p/DEeuFrdSY50/,要確認
C:\Users\hm60m\Documents\komi_instagram\20250106_DEeuFrdSY50\02.jpg,20250106,静止画,症例,眉,要目視,要目視,4:5,1440x1800,,,https://www.instagram.com/p/DEeuFrdSY50/,要確認
C:\Users\hm60m\Documents\komi_instagram\20250106_DEeuFrdSY50\03.mp4,20250106,動画,ヒーロー候補,眉,要目視,要目視,4:5,360x448,5.0,,https://www.instagram.com/p/DEeuFrdSY50/,要確認
C:\Users\hm60m\Documents\komi_instagram\20250106_DEfJnMMShv0\01.jpg,20250106,静止画,症例,眉,要目視,要目視,4:5,1440x1800,,,https://www.instagram.com/p/DEfJnMMShv0/,要確認
C:\Users\hm60m\Documents\komi_instagram\20250106_DEfJnMMShv0\02.jpg,20250106,静止画,症例,眉,要目視,要目視,4:5,1440x1800,,,https://www.instagram.com/p/DEfJnMMShv0/,要確認
C:\Users\hm60m\Documents\komi_instagram\20250106_DEfJnMMShv0\03.mp4,20250106,動画,ヒーロー候補,眉,要目視,要目視,4:5,360x448,5.0,,https://www.instagram.com/p/DEfJnMMShv0/,要確認
C:\Users\hm60m\Documents\komi_instagram\20250106_DEfyvZLSdr3\01.jpg,20250106,静止画,症例,眉,要目視,要目視,4:5,1440x1800,,,https://www.instagram.com/p/DEfyvZLSdr3/,要確認
C:\Users\hm60m\Documents\komi_instagram\20250106_DEfyvZLSdr3\02.jpg,20250106,静止画,症例,眉,要目視,要目視,4:5,1440x1800,,,https://www.instagram.com/p/DEfyvZLSdr3/,要確認
C:\Users\hm60m\Documents\komi_instagram\20250106_DEfyvZLSdr3\03.mp4,20250106,動画,ヒーロー候補,眉,要目視,要目視,4:5,360x448,5.0,,https://www.instagram.com/p/DEfyvZLSdr3/,要確認
C:\Users\hm60m\Documents\komi_instagram\20250107_DEgVI1Cywe9\01.jpg,20250107,静止画,症例,眉,要目視,要目視,4:5,1440x1800,,,https://www.instagram.com/p/DEgVI1Cywe9/,要確認
C:\Users\hm60m\Documents\komi_instagram\20250107_DEgVI1Cywe9\02.jpg,20250107,静止画,症例,眉,要目視,要目視,4:5,1440x1800,,,https://www.instagram.com/p/DEgVI1Cywe9/,要確認
C:\Users\hm60m\Documents\komi_instagram\20250107_DEgVI1Cywe9\03.mp4,20250107,動画,ヒーロー候補,眉,要目視,要目視,4:5,360x448,5.0,,https://www.instagram.com/p/DEgVI1Cywe9/,要確認
C:\Users\hm60m\Documents\komi_instagram\20250107_DEhMD86S88I\01.mp4,20250107,動画,ヒーロー候補,眉,要目視,要目視,4:5,360x448,12.5,,https://www.instagram.com/p/DEhMD86S88I/,要確認
C:\Users\hm60m\Documents\komi_instagram\20250107_DEhMD86S88I\02.mp4,20250107,動画,ヒーロー候補,眉,要目視,要目視,4:5,360x448,5.0,,https://www.instagram.com/p/DEhMD86S88I/,要確認
C:\Users\hm60m\Documents\komi_instagram\20250107_DEhnf-gS4YB\01.mp4,20250107,動画,ヒーロー候補,リップ,要目視,要目視,9:16,360x640,8.7,,https://www.instagram.com/p/DEhnf-gS4YB/,要確認
C:\Users\hm60m\Documents\komi_instagram\20250108_DEj-kvEyT83\01.jpg,20250108,静止画,症例,眉,要目視,要目視,4:5,1440x1800,,,https://www.instagram.com/p/DEj-kvEyT83/,要確認
C:\Users\hm60m\Documents\komi_instagram\20250108_DEj-kvEyT83\02.jpg,20250108,静止画,症例,眉,要目視,要目視,4:5,1440x1800,,,https://www.instagram.com/p/DEj-kvEyT83/,要確認
C:\Users\hm60m\Documents\komi_instagram\20250108_DEj-kvEyT83\03.mp4,20250108,動画,ヒーロー候補,眉,要目視,要目視,4:5,360x448,5.0,,https://www.instagram.com/p/DEj-kvEyT83/,要確認
C:\Users\hm60m\Documents\komi_instagram\20250109_DEgVH--y-UG\01.jpg,20250109,静止画,症例,アイライン,要目視,要目視,4:5,1440x1800,,,https://www.instagram.com/p/DEgVH--y-UG/,要確認
C:\Users\hm60m\Documents\komi_instagram\20250109_DEgVH--y-UG\02.jpg,20250109,静止画,症例,アイライン,要目視,要目視,4:5,1440x1800,,,https://www.instagram.com/p/DEgVH--y-UG/,要確認
C:\Users\hm60m\Documents\komi_instagram\20250109_DEgVH--y-UG\03.mp4,20250109,動画,ヒーロー候補,アイライン,要目視,要目視,4:5,360x448,5.0,,https://www.instagram.com/p/DEgVH--y-UG/,要確認
C:\Users\hm60m\Documents\komi_instagram\20250109_DEletKuSrEj\01.jpg,20250109,静止画,症例,,要目視,要目視,4:5,1440x1800,,,https://www.instagram.com/p/DEletKuSrEj/,要確認
C:\Users\hm60m\Documents\komi_instagram\20250109_DEletKuSrEj\02.jpg,20250109,静止画,症例,,要目視,要目視,4:5,1440x1800,,,https://www.instagram.com/p/DEletKuSrEj/,要確認
C:\Users\hm60m\Documents\komi_instagram\20250109_DEletKuSrEj\03.mp4,20250109,動画,ヒーロー候補,,要目視,要目視,4:5,360x448,5.0,,https://www.instagram.com/p/DEletKuSrEj/,要確認
C:\Users\hm60m\Documents\komi_instagram\20250110_DEmchDmy-PV\01.jpg,20250110,静止画,症例,頭皮,要目視,要目視,4:5,1440x1800,,,https://www.instagram.com/p/DEmchDmy-PV/,要確認
C:\Users\hm60m\Documents\komi_instagram\20250110_DEmchDmy-PV\02.jpg,20250110,静止画,症例,頭皮,要目視,要目視,4:5,1440x1800,,,https://www.instagram.com/p/DEmchDmy-PV/,要確認
C:\Users\hm60m\Documents\komi_instagram\20250110_DEmchDmy-PV\03.mp4,20250110,動画,ヒーロー候補,頭皮,要目視,要目視,4:5,360x448,5.0,,https://www.instagram.com/p/DEmchDmy-PV/,要確認
C:\Users\hm60m\Documents\komi_instagram\20250110_DEpBTNMyiDR\01.jpg,20250110,静止画,雰囲気/人物,,要目視,要目視,1:1,1440x1440,,,https://www.instagram.com/p/DEpBTNMyiDR/,要確認
C:\Users\hm60m\Documents\komi_instagram\20250110_DEpBTNMyiDR\02.jpg,20250110,静止画,雰囲気/人物,,要目視,要目視,1:1,1440x1440,,,https://www.instagram.com/p/DEpBTNMyiDR/,要確認
C:\Users\hm60m\Documents\komi_instagram\20250110_DEpBTNMyiDR\03.mp4,20250110,動画,ヒーロー候補,,要目視,要目視,1:1,360x360,5.0,,https://www.instagram.com/p/DEpBTNMyiDR/,要確認
C:\Users\hm60m\Documents\komi_instagram\20250112_DEtGQy4S0XV\01.mp4,20250112,動画,ヒーロー候補,リップ,要目視,要目視,9:16,360x640,16.7,,https://www.instagram.com/p/DEtGQy4S0XV/,要確認
C:\Users\hm60m\Documents\komi_instagram\20250115_DE1ycCmyIbw\01.mp4,20250115,動画,ヒーロー候補,眉,要目視,要目視,4:5,360x450,12.9,,https://www.instagram.com/p/DE1ycCmyIbw/,要確認
C:\Users\hm60m\Documents\komi_instagram\20250115_DE1ycCmyIbw\02.mp4,20250115,動画,ヒーロー候補,眉,要目視,要目視,4:5,360x450,5.0,,https://www.instagram.com/p/DE1ycCmyIbw/,要確認
C:\Users\hm60m\Documents\komi_instagram\20250115_DE2N2EcSER0\01.jpg,20250115,静止画,症例,眉,要目視,要目視,4:5,1440x1800,,,https://www.instagram.com/p/DE2N2EcSER0/,要確認
C:\Users\hm60m\Documents\komi_instagram\20250115_DE2N2EcSER0\02.jpg,20250115,静止画,症例,眉,要目視,要目視,4:5,1440x1800,,,https://www.instagram.com/p/DE2N2EcSER0/,要確認
C:\Users\hm60m\Documents\komi_instagram\20250115_DE2N2EcSER0\03.mp4,20250115,動画,ヒーロー候補,眉,要目視,要目視,4:5,360x450,5.0,,https://www.instagram.com/p/DE2N2EcSER0/,要確認
C:\Users\hm60m\Documents\komi_instagram\20250116_DE40nITyMKt\01.jpg,20250116,静止画,雰囲気/人物,眉,要目視,要目視,4:5,1440x1800,,,https://www.instagram.com/p/DE40nITyMKt/,要確認
C:\Users\hm60m\Documents\komi_instagram\20250116_DE40nITyMKt\02.jpg,20250116,静止画,雰囲気/人物,眉,要目視,要目視,4:5,1440x1800,,,https://www.instagram.com/p/DE40nITyMKt/,要確認
C:\Users\hm60m\Documents\komi_instagram\20250116_DE40nITyMKt\03.mp4,20250116,動画,ヒーロー候補,眉,要目視,要目視,4:5,360x448,5.0,,https://www.instagram.com/p/DE40nITyMKt/,要確認
C:\Users\hm60m\Documents\komi_instagram\20250116_DE9gyIkSiVr\01.jpg,20250116,静止画,雰囲気/人物,眉,要目視,要目視,4:5,1440x1800,,,https://www.instagram.com/p/DE9gyIkSiVr/,要確認
C:\Users\hm60m\Documents\komi_instagram\20250116_DE9gyIkSiVr\02.jpg,20250116,静止画,雰囲気/人物,眉,要目視,要目視,4:5,1440x1800,,,https://www.instagram.com/p/DE9gyIkSiVr/,要確認
C:\Users\hm60m\Documents\komi_instagram\20250116_DE9gyIkSiVr\03.mp4,20250116,動画,ヒーロー候補,眉,要目視,要目視,4:5,360x450,5.0,,https://www.instagram.com/p/DE9gyIkSiVr/,要確認
C:\Users\hm60m\Documents\komi_instagram\20250117_DE6FHR9ylEY\01.mp4,20250117,動画,ヒーロー候補,眉,要目視,要目視,9:16,360x640,16.4,,https://www.instagram.com/p/DE6FHR9ylEY/,要確認
C:\Users\hm60m\Documents\komi_instagram\20250118_DE9ujPqyawQ\01.mp4,20250118,動画,ヒーロー候補,,要目視,要目視,9:16,360x640,21.2,,https://www.instagram.com/p/DE9ujPqyawQ/,要確認
C:\Users\hm60m\Documents\komi_instagram\20250118_DFM9mbQSlH5\01.jpg,20250118,静止画,症例,眉,要目視,要目視,4:5,1440x1800,,,https://www.instagram.com/p/DFM9mbQSlH5/,要確認
C:\Users\hm60m\Documents\komi_instagram\20250118_DFM9mbQSlH5\02.mp4,20250118,動画,ヒーロー候補,眉,要目視,要目視,4:5,360x450,5.0,,https://www.instagram.com/p/DFM9mbQSlH5/,要確認
C:\Users\hm60m\Documents\komi_instagram\20250123_DFKcPcNS43S\01.jpg,20250123,静止画,雰囲気/人物,アイライン,要目視,要目視,4:5,1440x1800,,,https://www.instagram.com/p/DFKcPcNS43S/,要確認
C:\Users\hm60m\Documents\komi_instagram\20250123_DFKcPcNS43S\02.jpg,20250123,静止画,雰囲気/人物,アイライン,要目視,要目視,4:5,1440x1800,,,https://www.instagram.com/p/DFKcPcNS43S/,要確認
C:\Users\hm60m\Documents\komi_instagram\20250123_DFKcPcNS43S\03.mp4,20250123,動画,ヒーロー候補,アイライン,要目視,要目視,4:5,360x448,5.0,,https://www.instagram.com/p/DFKcPcNS43S/,要確認
C:\Users\hm60m\Documents\komi_instagram\20250124_DFM_KXPy5ij\01.jpg,20250124,静止画,雰囲気/人物,アイライン,要目視,要目視,4:5,1440x1800,,,https://www.instagram.com/p/DFM_KXPy5ij/,要確認
C:\Users\hm60m\Documents\komi_instagram\20250124_DFM_KXPy5ij\02.jpg,20250124,静止画,雰囲気/人物,アイライン,要目視,要目視,4:5,1440x1800,,,https://www.instagram.com/p/DFM_KXPy5ij/,要確認
C:\Users\hm60m\Documents\komi_instagram\20250124_DFM_KXPy5ij\03.jpg,20250124,静止画,雰囲気/人物,アイライン,要目視,要目視,4:5,1440x1800,,,https://www.instagram.com/p/DFM_KXPy5ij/,要確認
C:\Users\hm60m\Documents\komi_instagram\20250124_DFM_KXPy5ij\04.mp4,20250124,動画,ヒーロー候補,アイライン,要目視,要目視,4:5,360x448,5.0,,https://www.instagram.com/p/DFM_KXPy5ij/,要確認
C:\Users\hm60m\Documents\komi_instagram\20250124_DFNV_40yU0g\01.jpg,20250124,静止画,症例,眉,要目視,要目視,4:5,1440x1800,,,https://www.instagram.com/p/DFNV_40yU0g/,要確認
C:\Users\hm60m\Documents\komi_instagram\20250124_DFNV_40yU0g\02.jpg,20250124,静止画,症例,眉,要目視,要目視,4:5,1440x1800,,,https://www.instagram.com/p/DFNV_40yU0g/,要確認
C:\Users\hm60m\Documents\komi_instagram\20250124_DFNV_40yU0g\03.jpg,20250124,静止画,症例,眉,要目視,要目視,4:5,1440x1800,,,https://www.instagram.com/p/DFNV_40yU0g/,要確認
C:\Users\hm60m\Documents\komi_instagram\20250124_DFNV_40yU0g\04.mp4,20250124,動画,ヒーロー候補,眉,要目視,要目視,4:5,360x450,5.0,,https://www.instagram.com/p/DFNV_40yU0g/,要確認
C:\Users\hm60m\Documents\komi_instagram\20250125_DFOm0rASkBo\01.jpg,20250125,静止画,雰囲気/人物,アイライン,要目視,要目視,4:5,1440x1800,,,https://www.instagram.com/p/DFOm0rASkBo/,要確認
C:\Users\hm60m\Documents\komi_instagram\20250125_DFOm0rASkBo\02.jpg,20250125,静止画,雰囲気/人物,アイライン,要目視,要目視,4:5,1440x1800,,,https://www.instagram.com/p/DFOm0rASkBo/,要確認
C:\Users\hm60m\Documents\komi_instagram\20250125_DFOm0rASkBo\03.mp4,20250125,動画,ヒーロー候補,アイライン,要目視,要目視,4:5,360x448,5.0,,https://www.instagram.com/p/DFOm0rASkBo/,要確認
C:\Users\hm60m\Documents\komi_instagram\20250125_DFPl0YvyD-n\01.jpg,20250125,静止画,雰囲気/人物,アイライン,要目視,要目視,4:5,1440x1800,,,https://www.instagram.com/p/DFPl0YvyD-n/,要確認
C:\Users\hm60m\Documents\komi_instagram\20250125_DFPl0YvyD-n\02.jpg,20250125,静止画,雰囲気/人物,アイライン,要目視,要目視,4:5,1440x1800,,,https://www.instagram.com/p/DFPl0YvyD-n/,要確認
C:\Users\hm60m\Documents\komi_instagram\20250125_DFPl0YvyD-n\03.mp4,20250125,動画,ヒーロー候補,アイライン,要目視,要目視,4:5,360x448,5.0,,https://www.instagram.com/p/DFPl0YvyD-n/,要確認
C:\Users\hm60m\Documents\komi_instagram\20250126_DFPwHKYSJsB\01.mp4,20250126,動画,ヒーロー候補,アイライン,要目視,要目視,9:16,360x640,6.9,,https://www.instagram.com/p/DFPwHKYSJsB/,要確認
C:\Users\hm60m\Documents\komi_instagram\20250128_DFXXkuoSgYH\01.jpg,20250128,静止画,雰囲気/人物,リップ,要目視,要目視,4:5,1440x1800,,,https://www.instagram.com/p/DFXXkuoSgYH/,要確認
C:\Users\hm60m\Documents\komi_instagram\20250128_DFXXkuoSgYH\02.jpg,20250128,静止画,雰囲気/人物,リップ,要目視,要目視,4:5,1440x1800,,,https://www.instagram.com/p/DFXXkuoSgYH/,要確認
C:\Users\hm60m\Documents\komi_instagram\20250128_DFXXkuoSgYH\03.mp4,20250128,動画,ヒーロー候補,リップ,要目視,要目視,4:5,716x894,5.0,,https://www.instagram.com/p/DFXXkuoSgYH/,要確認
C:\Users\hm60m\Documents\komi_instagram\20250131_DFfM2HuSOeP\01.mp4,20250131,動画,ヒーロー候補,リップ,要目視,要目視,9:16,360x640,22.4,,https://www.instagram.com/p/DFfM2HuSOeP/,要確認
C:\Users\hm60m\Documents\komi_instagram\20250202_DFmtf10yVaS\01.jpg,20250202,静止画,症例,眉,要目視,要目視,4:5,1440x1800,,,https://www.instagram.com/p/DFmtf10yVaS/,要確認
C:\Users\hm60m\Documents\komi_instagram\20250202_DFmtf10yVaS\02.jpg,20250202,静止画,症例,眉,要目視,要目視,4:5,1440x1800,,,https://www.instagram.com/p/DFmtf10yVaS/,要確認
C:\Users\hm60m\Documents\komi_instagram\20250202_DFmtf10yVaS\03.jpg,20250202,静止画,症例,眉,要目視,要目視,4:5,1440x1800,,,https://www.instagram.com/p/DFmtf10yVaS/,要確認
C:\Users\hm60m\Documents\komi_instagram\20250202_DFmtf10yVaS\04.jpg,20250202,静止画,症例,眉,要目視,要目視,4:5,1440x1800,,,https://www.instagram.com/p/DFmtf10yVaS/,要確認
C:\Users\hm60m\Documents\komi_instagram\20250206_DFumn3cyzRS\01.jpg,20250206,静止画,雰囲気/人物,眉,要目視,要目視,4:5,1440x1800,,,https://www.instagram.com/p/DFumn3cyzRS/,要確認
C:\Users\hm60m\Documents\komi_instagram\20250206_DFumn3cyzRS\02.mp4,20250206,動画,ヒーロー候補,眉,要目視,要目視,4:5,360x448,5.0,,https://www.instagram.com/p/DFumn3cyzRS/,要確認
C:\Users\hm60m\Documents\komi_instagram\20250213_DGAaFSkyJCC\01.jpg,20250213,静止画,雰囲気/人物,眉,要目視,要目視,4:5,1440x1800,,,https://www.instagram.com/p/DGAaFSkyJCC/,要確認
C:\Users\hm60m\Documents\komi_instagram\20250213_DGAaFSkyJCC\02.jpg,20250213,静止画,雰囲気/人物,眉,要目視,要目視,4:5,1440x1800,,,https://www.instagram.com/p/DGAaFSkyJCC/,要確認
C:\Users\hm60m\Documents\komi_instagram\20250213_DGAaFSkyJCC\03.mp4,20250213,動画,ヒーロー候補,眉,要目視,要目視,4:5,360x448,5.0,,https://www.instagram.com/p/DGAaFSkyJCC/,要確認
C:\Users\hm60m\Documents\komi_instagram\20250218_DGNVbEES21P\01.jpg,20250218,静止画,症例,頭皮,要目視,要目視,1:1,1440x1440,,,https://www.instagram.com/p/DGNVbEES21P/,要確認
C:\Users\hm60m\Documents\komi_instagram\20250218_DGNVbEES21P\02.jpg,20250218,静止画,症例,頭皮,要目視,要目視,1:1,1440x1440,,,https://www.instagram.com/p/DGNVbEES21P/,要確認
C:\Users\hm60m\Documents\komi_instagram\20250218_DGNVbEES21P\03.mp4,20250218,動画,ヒーロー候補,頭皮,要目視,要目視,1:1,720x720,5.0,,https://www.instagram.com/p/DGNVbEES21P/,要確認
C:\Users\hm60m\Documents\komi_instagram\20250219_DGP9Iy-yHdd\01.jpg,20250219,静止画,症例,頭皮,要目視,要目視,1:1,1440x1440,,,https://www.instagram.com/p/DGP9Iy-yHdd/,要確認
C:\Users\hm60m\Documents\komi_instagram\20250219_DGP9Iy-yHdd\02.jpg,20250219,静止画,症例,頭皮,要目視,要目視,1:1,1440x1440,,,https://www.instagram.com/p/DGP9Iy-yHdd/,要確認
C:\Users\hm60m\Documents\komi_instagram\20250219_DGP9Iy-yHdd\03.mp4,20250219,動画,ヒーロー候補,頭皮,要目視,要目視,1:1,720x720,35.0,,https://www.instagram.com/p/DGP9Iy-yHdd/,要確認
C:\Users\hm60m\Documents\komi_instagram\20250220_DGSl7H9yoPN\01.mp4,20250220,動画,ヒーロー候補,眉,要目視,要目視,9:16,360x640,13.5,,https://www.instagram.com/p/DGSl7H9yoPN/,要確認
C:\Users\hm60m\Documents\komi_instagram\20250222_DGXvhQ-SUNi\01.jpg,20250222,静止画,症例,リップ,要目視,要目視,4:5,1440x1800,,,https://www.instagram.com/p/DGXvhQ-SUNi/,要確認
C:\Users\hm60m\Documents\komi_instagram\20250222_DGXvhQ-SUNi\02.jpg,20250222,静止画,症例,リップ,要目視,要目視,4:5,1440x1800,,,https://www.instagram.com/p/DGXvhQ-SUNi/,要確認
C:\Users\hm60m\Documents\komi_instagram\20250222_DGXvhQ-SUNi\03.mp4,20250222,動画,ヒーロー候補,リップ,要目視,要目視,4:5,720x900,5.0,,https://www.instagram.com/p/DGXvhQ-SUNi/,要確認
C:\Users\hm60m\Documents\komi_instagram\20250223_DGaNbsIyYqu\01.jpg,20250223,静止画,雰囲気/人物,頭皮,要目視,要目視,1:1,1440x1440,,,https://www.instagram.com/p/DGaNbsIyYqu/,要確認
C:\Users\hm60m\Documents\komi_instagram\20250223_DGaNbsIyYqu\02.jpg,20250223,静止画,雰囲気/人物,頭皮,要目視,要目視,1:1,1440x1440,,,https://www.instagram.com/p/DGaNbsIyYqu/,要確認
C:\Users\hm60m\Documents\komi_instagram\20250223_DGaNbsIyYqu\03.mp4,20250223,動画,ヒーロー候補,頭皮,要目視,要目視,1:1,360x360,5.0,,https://www.instagram.com/p/DGaNbsIyYqu/,要確認
C:\Users\hm60m\Documents\komi_instagram\20250225_DGc5Fy9ywuF\01.jpg,20250225,静止画,雰囲気/人物,眉,要目視,要目視,4:5,1440x1800,,,https://www.instagram.com/p/DGc5Fy9ywuF/,要確認
C:\Users\hm60m\Documents\komi_instagram\20250225_DGc5Fy9ywuF\02.jpg,20250225,静止画,雰囲気/人物,眉,要目視,要目視,4:5,1440x1800,,,https://www.instagram.com/p/DGc5Fy9ywuF/,要確認
C:\Users\hm60m\Documents\komi_instagram\20250225_DGc5Fy9ywuF\03.mp4,20250225,動画,ヒーロー候補,眉,要目視,要目視,4:5,360x448,11.6,,https://www.instagram.com/p/DGc5Fy9ywuF/,要確認
C:\Users\hm60m\Documents\komi_instagram\20250226_DGh70TJSRbF\01.jpg,20250226,静止画,雰囲気/人物,眉,要目視,要目視,4:5,1440x1800,,,https://www.instagram.com/p/DGh70TJSRbF/,要確認
C:\Users\hm60m\Documents\komi_instagram\20250226_DGh70TJSRbF\02.jpg,20250226,静止画,雰囲気/人物,眉,要目視,要目視,4:5,1440x1800,,,https://www.instagram.com/p/DGh70TJSRbF/,要確認
C:\Users\hm60m\Documents\komi_instagram\20250226_DGh70TJSRbF\03.mp4,20250226,動画,ヒーロー候補,眉,要目視,要目視,4:5,360x448,11.6,,https://www.instagram.com/p/DGh70TJSRbF/,要確認
C:\Users\hm60m\Documents\komi_instagram\20250302_DGsO75LyEWf\01.jpg,20250302,静止画,症例,眉,要目視,要目視,4:5,1440x1800,,,https://www.instagram.com/p/DGsO75LyEWf/,要確認
C:\Users\hm60m\Documents\komi_instagram\20250302_DGsO75LyEWf\02.jpg,20250302,静止画,症例,眉,要目視,要目視,4:5,1440x1800,,,https://www.instagram.com/p/DGsO75LyEWf/,要確認
C:\Users\hm60m\Documents\komi_instagram\20250302_DGsO75LyEWf\03.jpg,20250302,静止画,症例,眉,要目視,要目視,4:5,1440x1800,,,https://www.instagram.com/p/DGsO75LyEWf/,要確認
C:\Users\hm60m\Documents\komi_instagram\20250302_DGsO75LyEWf\04.mp4,20250302,動画,ヒーロー候補,眉,要目視,要目視,4:5,360x450,5.0,,https://www.instagram.com/p/DGsO75LyEWf/,要確認
C:\Users\hm60m\Documents\komi_instagram\20250308_DG7rzC1Sa6i\01.jpg,20250308,静止画,症例,頭皮,要目視,要目視,1:1,1440x1440,,,https://www.instagram.com/p/DG7rzC1Sa6i/,要確認
C:\Users\hm60m\Documents\komi_instagram\20250308_DG7rzC1Sa6i\02.jpg,20250308,静止画,症例,頭皮,要目視,要目視,1:1,1440x1440,,,https://www.instagram.com/p/DG7rzC1Sa6i/,要確認
C:\Users\hm60m\Documents\komi_instagram\20250308_DG7rzC1Sa6i\03.mp4,20250308,動画,ヒーロー候補,頭皮,要目視,要目視,1:1,720x720,5.0,,https://www.instagram.com/p/DG7rzC1Sa6i/,要確認
C:\Users\hm60m\Documents\komi_instagram\20250310_DHBDRNKyoo8\01.jpg,20250310,静止画,雰囲気/人物,眉,要目視,要目視,4:5,1440x1800,,,https://www.instagram.com/p/DHBDRNKyoo8/,要確認
C:\Users\hm60m\Documents\komi_instagram\20250310_DHBDRNKyoo8\02.jpg,20250310,静止画,雰囲気/人物,眉,要目視,要目視,4:5,1440x1800,,,https://www.instagram.com/p/DHBDRNKyoo8/,要確認
C:\Users\hm60m\Documents\komi_instagram\20250310_DHBDRNKyoo8\03.mp4,20250310,動画,ヒーロー候補,眉,要目視,要目視,4:5,360x448,5.0,,https://www.instagram.com/p/DHBDRNKyoo8/,要確認
C:\Users\hm60m\Documents\komi_instagram\20250311_DHDbvK4SXJE\01.mp4,20250311,動画,ヒーロー候補,眉,要目視,要目視,4:5,716x894,11.0,,https://www.instagram.com/p/DHDbvK4SXJE/,要確認
C:\Users\hm60m\Documents\komi_instagram\20250311_DHDbvK4SXJE\02.mp4,20250311,動画,ヒーロー候補,眉,要目視,要目視,4:5,360x448,8.5,,https://www.instagram.com/p/DHDbvK4SXJE/,要確認
C:\Users\hm60m\Documents\komi_instagram\20250311_DHDbvK4SXJE\03.mp4,20250311,動画,ヒーロー候補,眉,要目視,要目視,4:5,360x448,5.0,,https://www.instagram.com/p/DHDbvK4SXJE/,要確認
C:\Users\hm60m\Documents\komi_instagram\20250314_DHLL9OSSM4y\01.jpg,20250314,静止画,雰囲気/人物,眉,要目視,要目視,4:5,1440x1800,,,https://www.instagram.com/p/DHLL9OSSM4y/,要確認
C:\Users\hm60m\Documents\komi_instagram\20250314_DHLL9OSSM4y\02.mp4,20250314,動画,ヒーロー候補,眉,要目視,要目視,4:5,716x894,5.0,,https://www.instagram.com/p/DHLL9OSSM4y/,要確認
C:\Users\hm60m\Documents\komi_instagram\20250315_DHM2UjcyBDS\01.jpg,20250315,静止画,雰囲気/人物,眉,要目視,要目視,4:5,1440x1800,,,https://www.instagram.com/p/DHM2UjcyBDS/,要確認
C:\Users\hm60m\Documents\komi_instagram\20250315_DHM2UjcyBDS\02.mp4,20250315,動画,ヒーロー候補,眉,要目視,要目視,4:5,360x448,5.0,,https://www.instagram.com/p/DHM2UjcyBDS/,要確認
C:\Users\hm60m\Documents\komi_instagram\20250316_DHQSIVCy_Fb\01.jpg,20250316,静止画,雰囲気/人物,眉,要目視,要目視,4:5,1440x1800,,,https://www.instagram.com/p/DHQSIVCy_Fb/,要確認
C:\Users\hm60m\Documents\komi_instagram\20250316_DHQSIVCy_Fb\02.jpg,20250316,静止画,雰囲気/人物,眉,要目視,要目視,4:5,1440x1800,,,https://www.instagram.com/p/DHQSIVCy_Fb/,要確認
C:\Users\hm60m\Documents\komi_instagram\20250316_DHQSIVCy_Fb\03.mp4,20250316,動画,ヒーロー候補,眉,要目視,要目視,4:5,360x448,5.0,,https://www.instagram.com/p/DHQSIVCy_Fb/,要確認
C:\Users\hm60m\Documents\komi_instagram\20250322_DHf3qTRyaXA\01.jpg,20250322,静止画,雰囲気/人物,リップ,要目視,要目視,4:5,1440x1800,,,https://www.instagram.com/p/DHf3qTRyaXA/,要確認
C:\Users\hm60m\Documents\komi_instagram\20250322_DHf3qTRyaXA\02.mp4,20250322,動画,ヒーロー候補,リップ,要目視,要目視,4:5,716x894,5.0,,https://www.instagram.com/p/DHf3qTRyaXA/,要確認
C:\Users\hm60m\Documents\komi_instagram\20250402_DH8DnUmSCNK\01.jpg,20250402,静止画,雰囲気/人物,頭皮,要目視,要目視,1:1,1440x1440,,,https://www.instagram.com/p/DH8DnUmSCNK/,要確認
C:\Users\hm60m\Documents\komi_instagram\20250402_DH8DnUmSCNK\02.jpg,20250402,静止画,雰囲気/人物,頭皮,要目視,要目視,1:1,1440x1440,,,https://www.instagram.com/p/DH8DnUmSCNK/,要確認
C:\Users\hm60m\Documents\komi_instagram\20250402_DH8DnUmSCNK\03.mp4,20250402,動画,ヒーロー候補,頭皮,要目視,要目視,1:1,360x360,12.9,,https://www.instagram.com/p/DH8DnUmSCNK/,要確認
C:\Users\hm60m\Documents\komi_instagram\20250403_DH-prJxSgAn\01.jpg,20250403,静止画,雰囲気/人物,眉,要目視,要目視,4:5,1440x1800,,,https://www.instagram.com/p/DH-prJxSgAn/,要確認
C:\Users\hm60m\Documents\komi_instagram\20250403_DH-prJxSgAn\02.jpg,20250403,静止画,雰囲気/人物,眉,要目視,要目視,4:5,1440x1800,,,https://www.instagram.com/p/DH-prJxSgAn/,要確認
C:\Users\hm60m\Documents\komi_instagram\20250403_DH-prJxSgAn\03.jpg,20250403,静止画,雰囲気/人物,眉,要目視,要目視,4:5,1440x1800,,,https://www.instagram.com/p/DH-prJxSgAn/,要確認
C:\Users\hm60m\Documents\komi_instagram\20250403_DH-prJxSgAn\04.jpg,20250403,静止画,雰囲気/人物,眉,要目視,要目視,4:5,1440x1800,,,https://www.instagram.com/p/DH-prJxSgAn/,要確認
C:\Users\hm60m\Documents\komi_instagram\20250403_DH-prJxSgAn\05.jpg,20250403,静止画,雰囲気/人物,眉,要目視,要目視,4:5,1440x1800,,,https://www.instagram.com/p/DH-prJxSgAn/,要確認
C:\Users\hm60m\Documents\komi_instagram\20250403_DH-prJxSgAn\06.mp4,20250403,動画,ヒーロー候補,眉,要目視,要目視,4:5,720x900,5.0,,https://www.instagram.com/p/DH-prJxSgAn/,要確認
C:\Users\hm60m\Documents\komi_instagram\20250404_DIBQnYcSrtF\01.jpg,20250404,静止画,雰囲気/人物,眉,要目視,要目視,4:5,1080x1350,,,https://www.instagram.com/p/DIBQnYcSrtF/,要確認
C:\Users\hm60m\Documents\komi_instagram\20250404_DIBQnYcSrtF\02.jpg,20250404,静止画,雰囲気/人物,眉,要目視,要目視,4:5,1080x1350,,,https://www.instagram.com/p/DIBQnYcSrtF/,要確認
C:\Users\hm60m\Documents\komi_instagram\20250404_DIBQnYcSrtF\03.mp4,20250404,動画,ヒーロー候補,眉,要目視,要目視,4:5,360x448,5.0,,https://www.instagram.com/p/DIBQnYcSrtF/,要確認
C:\Users\hm60m\Documents\komi_instagram\20250408_DILuEPiSqVC\01.jpg,20250408,静止画,雰囲気/人物,眉,要目視,要目視,4:5,1440x1800,,,https://www.instagram.com/p/DILuEPiSqVC/,要確認
C:\Users\hm60m\Documents\komi_instagram\20250408_DILuEPiSqVC\02.mp4,20250408,動画,ヒーロー候補,眉,要目視,要目視,4:5,360x448,5.0,,https://www.instagram.com/p/DILuEPiSqVC/,要確認
C:\Users\hm60m\Documents\komi_instagram\20250409_DIOS7YsSSpB\01.mp4,20250409,動画,ヒーロー候補,アイライン,要目視,要目視,9:16,360x640,19.3,,https://www.instagram.com/p/DIOS7YsSSpB/,要確認
C:\Users\hm60m\Documents\komi_instagram\20250414_DIcdSPxyka_\01.mp4,20250414,動画,ヒーロー候補,眉,要目視,要目視,4:5,716x894,7.1,,https://www.instagram.com/p/DIcdSPxyka_/,要確認
C:\Users\hm60m\Documents\komi_instagram\20250414_DIcdSPxyka_\02.mp4,20250414,動画,ヒーロー候補,眉,要目視,要目視,4:5,360x448,5.0,,https://www.instagram.com/p/DIcdSPxyka_/,要確認
C:\Users\hm60m\Documents\komi_instagram\20250417_DIiuVl4y6yU\01.jpg,20250417,静止画,雰囲気/人物,アイライン,要目視,要目視,4:5,1440x1800,,,https://www.instagram.com/p/DIiuVl4y6yU/,要確認
C:\Users\hm60m\Documents\komi_instagram\20250417_DIiuVl4y6yU\02.mp4,20250417,動画,ヒーロー候補,アイライン,要目視,要目視,4:5,718x898,5.0,,https://www.instagram.com/p/DIiuVl4y6yU/,要確認
C:\Users\hm60m\Documents\komi_instagram\20250423_DIySxn2yQEg\01.jpg,20250423,静止画,症例,,要目視,要目視,4:5,1440x1800,,,https://www.instagram.com/p/DIySxn2yQEg/,要確認
C:\Users\hm60m\Documents\komi_instagram\20250423_DIySxn2yQEg\02.jpg,20250423,静止画,症例,,要目視,要目視,4:5,1440x1799,,,https://www.instagram.com/p/DIySxn2yQEg/,要確認
C:\Users\hm60m\Documents\komi_instagram\20250423_DIySxn2yQEg\03.jpg,20250423,静止画,症例,,要目視,要目視,4:5,1440x1800,,,https://www.instagram.com/p/DIySxn2yQEg/,要確認
C:\Users\hm60m\Documents\komi_instagram\20250423_DIySxn2yQEg\04.jpg,20250423,静止画,症例,,要目視,要目視,4:5,1440x1800,,,https://www.instagram.com/p/DIySxn2yQEg/,要確認
C:\Users\hm60m\Documents\komi_instagram\20250423_DIySxn2yQEg\05.mp4,20250423,動画,ヒーロー候補,,要目視,要目視,4:5,720x900,5.1,,https://www.instagram.com/p/DIySxn2yQEg/,要確認
C:\Users\hm60m\Documents\komi_instagram\20250424_DI0tI8LSFek\01.jpg,20250424,静止画,雰囲気/人物,,要目視,要目視,4:5,1440x1800,,,https://www.instagram.com/p/DI0tI8LSFek/,要確認
C:\Users\hm60m\Documents\komi_instagram\20250424_DI0tI8LSFek\02.mp4,20250424,動画,ヒーロー候補,,要目視,要目視,4:5,716x894,5.0,,https://www.instagram.com/p/DI0tI8LSFek/,要確認
C:\Users\hm60m\Documents\komi_instagram\20250430_DJENVueSrjG\01.jpg,20250430,静止画,雰囲気/人物,頭皮,要目視,要目視,4:5,1440x1800,,,https://www.instagram.com/p/DJENVueSrjG/,要確認
C:\Users\hm60m\Documents\komi_instagram\20250430_DJENVueSrjG\02.mp4,20250430,動画,ヒーロー候補,頭皮,要目視,要目視,4:5,360x450,5.0,,https://www.instagram.com/p/DJENVueSrjG/,要確認
C:\Users\hm60m\Documents\komi_instagram\20250506_DJTuQ-9y0-c\01.mp4,20250506,動画,ヒーロー候補,リップ,要目視,要目視,9:16,360x640,13.3,,https://www.instagram.com/p/DJTuQ-9y0-c/,要確認
C:\Users\hm60m\Documents\komi_instagram\20250507_DJWSUpWykC9\01.jpg,20250507,静止画,雰囲気/人物,,要目視,要目視,4:5,1440x1800,,,https://www.instagram.com/p/DJWSUpWykC9/,要確認
C:\Users\hm60m\Documents\komi_instagram\20250507_DJWSUpWykC9\02.mp4,20250507,動画,ヒーロー候補,,要目視,要目視,4:5,720x900,10.2,,https://www.instagram.com/p/DJWSUpWykC9/,要確認
C:\Users\hm60m\Documents\komi_instagram\20250507_DJWSUpWykC9\03.jpg,20250507,静止画,雰囲気/人物,,要目視,要目視,4:5,1440x1800,,,https://www.instagram.com/p/DJWSUpWykC9/,要確認
C:\Users\hm60m\Documents\komi_instagram\20250507_DJWSUpWykC9\04.mp4,20250507,動画,ヒーロー候補,,要目視,要目視,4:5,360x450,5.0,,https://www.instagram.com/p/DJWSUpWykC9/,要確認
C:\Users\hm60m\Documents\komi_instagram\20250509_DJbiwk_yjzx\01.jpg,20250509,静止画,雰囲気/人物,眉,要目視,要目視,4:5,1440x1800,,,https://www.instagram.com/p/DJbiwk_yjzx/,要確認
C:\Users\hm60m\Documents\komi_instagram\20250509_DJbiwk_yjzx\02.jpg,20250509,静止画,雰囲気/人物,眉,要目視,要目視,4:5,1440x1800,,,https://www.instagram.com/p/DJbiwk_yjzx/,要確認
C:\Users\hm60m\Documents\komi_instagram\20250509_DJbiwk_yjzx\03.mp4,20250509,動画,ヒーロー候補,眉,要目視,要目視,4:5,720x900,5.1,,https://www.instagram.com/p/DJbiwk_yjzx/,要確認
C:\Users\hm60m\Documents\komi_instagram\20250510_DJdEowpy_0E\01.jpg,20250510,静止画,症例,パラメディカル,要目視,要目視,4:5,1440x1800,,,https://www.instagram.com/p/DJdEowpy_0E/,要確認
C:\Users\hm60m\Documents\komi_instagram\20250510_DJdEowpy_0E\02.jpg,20250510,静止画,症例,パラメディカル,要目視,要目視,4:5,1440x1800,,,https://www.instagram.com/p/DJdEowpy_0E/,要確認
C:\Users\hm60m\Documents\komi_instagram\20250510_DJdEowpy_0E\03.jpg,20250510,静止画,症例,パラメディカル,要目視,要目視,4:5,1440x1800,,,https://www.instagram.com/p/DJdEowpy_0E/,要確認
C:\Users\hm60m\Documents\komi_instagram\20250510_DJdEowpy_0E\04.jpg,20250510,静止画,症例,パラメディカル,要目視,要目視,4:5,1440x1800,,,https://www.instagram.com/p/DJdEowpy_0E/,要確認
C:\Users\hm60m\Documents\komi_instagram\20250510_DJdEowpy_0E\05.jpg,20250510,静止画,症例,パラメディカル,要目視,要目視,4:5,1440x1800,,,https://www.instagram.com/p/DJdEowpy_0E/,要確認
C:\Users\hm60m\Documents\komi_instagram\20250510_DJdEowpy_0E\06.jpg,20250510,静止画,症例,パラメディカル,要目視,要目視,4:5,1440x1800,,,https://www.instagram.com/p/DJdEowpy_0E/,要確認
C:\Users\hm60m\Documents\komi_instagram\20250510_DJdEowpy_0E\07.mp4,20250510,動画,ヒーロー候補,パラメディカル,要目視,要目視,4:5,720x900,5.8,,https://www.instagram.com/p/DJdEowpy_0E/,要確認
C:\Users\hm60m\Documents\komi_instagram\20250511_DJglbDSysOj\01.jpg,20250511,静止画,雰囲気/人物,眉,要目視,要目視,4:5,1440x1800,,,https://www.instagram.com/p/DJglbDSysOj/,要確認
C:\Users\hm60m\Documents\komi_instagram\20250511_DJglbDSysOj\02.jpg,20250511,静止画,雰囲気/人物,眉,要目視,要目視,4:5,1440x1800,,,https://www.instagram.com/p/DJglbDSysOj/,要確認
C:\Users\hm60m\Documents\komi_instagram\20250511_DJglbDSysOj\03.mp4,20250511,動画,ヒーロー候補,眉,要目視,要目視,4:5,360x450,5.0,,https://www.instagram.com/p/DJglbDSysOj/,要確認
C:\Users\hm60m\Documents\komi_instagram\20250512_DJjGYCHy9YH\01.jpg,20250512,静止画,雰囲気/人物,眉,要目視,要目視,4:5,1440x1800,,,https://www.instagram.com/p/DJjGYCHy9YH/,要確認
C:\Users\hm60m\Documents\komi_instagram\20250512_DJjGYCHy9YH\02.jpg,20250512,静止画,雰囲気/人物,眉,要目視,要目視,4:5,1440x1800,,,https://www.instagram.com/p/DJjGYCHy9YH/,要確認
C:\Users\hm60m\Documents\komi_instagram\20250512_DJjGYCHy9YH\03.mp4,20250512,動画,ヒーロー候補,眉,要目視,要目視,4:5,720x900,5.1,,https://www.instagram.com/p/DJjGYCHy9YH/,要確認
C:\Users\hm60m\Documents\komi_instagram\20250513_DJ_V1POym63\01.mp4,20250513,動画,ヒーロー候補,眉,要目視,要目視,9:16,720x1280,19.7,,https://www.instagram.com/p/DJ_V1POym63/,要確認
C:\Users\hm60m\Documents\komi_instagram\20250523_DJ_c-TtSGtT\01.jpg,20250523,静止画,雰囲気/人物,パラメディカル,要目視,要目視,4:5,1440x1800,,,https://www.instagram.com/p/DJ_c-TtSGtT/,要確認
C:\Users\hm60m\Documents\komi_instagram\20250523_DJ_c-TtSGtT\02.mp4,20250523,動画,ヒーロー候補,パラメディカル,要目視,要目視,4:5,720x900,5.0,,https://www.instagram.com/p/DJ_c-TtSGtT/,要確認
C:\Users\hm60m\Documents\komi_instagram\20250602_DKZfVwRSEkE\01.jpg,20250602,静止画,雰囲気/人物,アイライン,要目視,要目視,4:5,1440x1800,,,https://www.instagram.com/p/DKZfVwRSEkE/,要確認
C:\Users\hm60m\Documents\komi_instagram\20250602_DKZfVwRSEkE\02.mp4,20250602,動画,ヒーロー候補,アイライン,要目視,要目視,4:5,720x900,5.0,,https://www.instagram.com/p/DKZfVwRSEkE/,要確認
C:\Users\hm60m\Documents\komi_instagram\20250602_DKZfVwRSEkE\03.mp4,20250602,動画,ヒーロー候補,アイライン,要目視,要目視,4:5,720x900,5.0,,https://www.instagram.com/p/DKZfVwRSEkE/,要確認
C:\Users\hm60m\Documents\komi_instagram\20250605_DKhEQxiyyvl\01.mp4,20250605,動画,ヒーロー候補,眉,要目視,要目視,9:16,1080x1920,9.4,,https://www.instagram.com/p/DKhEQxiyyvl/,要確認
C:\Users\hm60m\Documents\komi_instagram\20250606_DKjiHSeyIU1\01.jpg,20250606,静止画,雰囲気/人物,眉,要目視,要目視,4:5,1440x1801,,,https://www.instagram.com/p/DKjiHSeyIU1/,要確認
C:\Users\hm60m\Documents\komi_instagram\20250606_DKjiHSeyIU1\02.jpg,20250606,静止画,雰囲気/人物,眉,要目視,要目視,4:5,1440x1801,,,https://www.instagram.com/p/DKjiHSeyIU1/,要確認
C:\Users\hm60m\Documents\komi_instagram\20250606_DKjiHSeyIU1\03.mp4,20250606,動画,ヒーロー候補,眉,要目視,要目視,4:5,360x450,5.0,,https://www.instagram.com/p/DKjiHSeyIU1/,要確認
C:\Users\hm60m\Documents\komi_instagram\20250607_DKlCUI3Sh2E\01.jpg,20250607,静止画,雰囲気/人物,眉,要目視,要目視,4:5,1440x1801,,,https://www.instagram.com/p/DKlCUI3Sh2E/,要確認
C:\Users\hm60m\Documents\komi_instagram\20250607_DKlCUI3Sh2E\02.mp4,20250607,動画,ヒーロー候補,眉,要目視,要目視,4:5,720x900,6.9,,https://www.instagram.com/p/DKlCUI3Sh2E/,要確認
C:\Users\hm60m\Documents\komi_instagram\20250607_DKlCUI3Sh2E\03.mp4,20250607,動画,ヒーロー候補,眉,要目視,要目視,4:5,720x900,5.0,,https://www.instagram.com/p/DKlCUI3Sh2E/,要確認
C:\Users\hm60m\Documents\komi_instagram\20250610_DKtx3VOyeeQ\01.mp4,20250610,動画,ヒーロー候補,,要目視,要目視,9:16,1080x1920,15.3,,https://www.instagram.com/p/DKtx3VOyeeQ/,要確認
C:\Users\hm60m\Documents\komi_instagram\20250611_DKwhB3wytrw\01.jpg,20250611,静止画,雰囲気/人物,頭皮,要目視,要目視,4:5,1440x1801,,,https://www.instagram.com/p/DKwhB3wytrw/,要確認
C:\Users\hm60m\Documents\komi_instagram\20250611_DKwhB3wytrw\02.jpg,20250611,静止画,雰囲気/人物,頭皮,要目視,要目視,4:5,1440x1801,,,https://www.instagram.com/p/DKwhB3wytrw/,要確認
C:\Users\hm60m\Documents\komi_instagram\20250611_DKwhB3wytrw\03.mp4,20250611,動画,ヒーロー候補,頭皮,要目視,要目視,4:5,360x450,5.0,,https://www.instagram.com/p/DKwhB3wytrw/,要確認
C:\Users\hm60m\Documents\komi_instagram\20250613_DK2J8n0y4Ik\01.jpg,20250613,静止画,症例,頭皮,要目視,要目視,4:5,1440x1801,,,https://www.instagram.com/p/DK2J8n0y4Ik/,要確認
C:\Users\hm60m\Documents\komi_instagram\20250613_DK2J8n0y4Ik\02.jpg,20250613,静止画,症例,頭皮,要目視,要目視,4:5,1440x1801,,,https://www.instagram.com/p/DK2J8n0y4Ik/,要確認
C:\Users\hm60m\Documents\komi_instagram\20250613_DK2J8n0y4Ik\03.jpg,20250613,静止画,症例,頭皮,要目視,要目視,4:5,1440x1801,,,https://www.instagram.com/p/DK2J8n0y4Ik/,要確認
C:\Users\hm60m\Documents\komi_instagram\20250613_DK2J8n0y4Ik\04.mp4,20250613,動画,ヒーロー候補,頭皮,要目視,要目視,4:5,720x900,5.0,,https://www.instagram.com/p/DK2J8n0y4Ik/,要確認
C:\Users\hm60m\Documents\komi_instagram\20250617_DK_62FfSMHs\01.mp4,20250617,動画,ヒーロー候補,パラメディカル,要目視,要目視,9:16,360x640,15.1,,https://www.instagram.com/p/DK_62FfSMHs/,要確認
C:\Users\hm60m\Documents\komi_instagram\20250630_DLhOoUHy6fe\01.mp4,20250630,動画,ヒーロー候補,リップ,要目視,要目視,9:16,1080x1920,9.6,,https://www.instagram.com/p/DLhOoUHy6fe/,要確認
C:\Users\hm60m\Documents\komi_instagram\20250709_DL4gYmJSyZJ\01.jpg,20250709,静止画,症例,リップ,要目視,要目視,4:5,1440x1803,,,https://www.instagram.com/p/DL4gYmJSyZJ/,要確認
C:\Users\hm60m\Documents\komi_instagram\20250709_DL4gYmJSyZJ\02.mp4,20250709,動画,ヒーロー候補,リップ,要目視,要目視,4:5,360x450,5.0,,https://www.instagram.com/p/DL4gYmJSyZJ/,要確認
C:\Users\hm60m\Documents\komi_instagram\20250710_DL7U_oNyDZy\01.mp4,20250710,動画,要確認,アイライン,要目視,要目視,9:16,716x1278,4.2,,https://www.instagram.com/p/DL7U_oNyDZy/,要確認
C:\Users\hm60m\Documents\komi_instagram\20250713_DMB5LHqS38P\01.mp4,20250713,動画,ヒーロー候補,眉,要目視,要目視,9:16,720x1280,32.4,,https://www.instagram.com/p/DMB5LHqS38P/,要確認
C:\Users\hm60m\Documents\komi_instagram\20250731_DMxPddqy7vp\01.jpg,20250731,静止画,雰囲気/人物,アイライン,要目視,要目視,4:5,1440x1801,,,https://www.instagram.com/p/DMxPddqy7vp/,要確認
C:\Users\hm60m\Documents\komi_instagram\20250731_DMxPddqy7vp\02.mp4,20250731,動画,ヒーロー候補,アイライン,要目視,要目視,4:5,360x450,5.0,,https://www.instagram.com/p/DMxPddqy7vp/,要確認
C:\Users\hm60m\Documents\komi_instagram\20250805_DM-FCI7Sql7\01.jpg,20250805,静止画,雰囲気/人物,アイライン,要目視,要目視,4:5,1440x1801,,,https://www.instagram.com/p/DM-FCI7Sql7/,要確認
C:\Users\hm60m\Documents\komi_instagram\20250805_DM-FCI7Sql7\02.mp4,20250805,動画,ヒーロー候補,アイライン,要目視,要目視,4:5,360x450,12.8,,https://www.instagram.com/p/DM-FCI7Sql7/,要確認
C:\Users\hm60m\Documents\komi_instagram\20250805_DM-FCI7Sql7\03.mp4,20250805,動画,ヒーロー候補,アイライン,要目視,要目視,4:5,360x450,5.0,,https://www.instagram.com/p/DM-FCI7Sql7/,要確認
C:\Users\hm60m\Documents\komi_instagram\20250808_DNFjNOXyd8T\01.mp4,20250808,動画,ヒーロー候補,アイライン,要目視,要目視,9:16,360x640,30.5,,https://www.instagram.com/p/DNFjNOXyd8T/,要確認
C:\Users\hm60m\Documents\komi_instagram\20250821_DNmss44SaKW\01.mp4,20250821,動画,ヒーロー候補,パラメディカル,要目視,要目視,9:16,360x640,17.0,,https://www.instagram.com/p/DNmss44SaKW/,要確認
C:\Users\hm60m\Documents\komi_instagram\20250901_DODf51FEipN\01.jpg,20250901,静止画,症例,リップ,要目視,要目視,4:5,1440x1801,,,https://www.instagram.com/p/DODf51FEipN/,要確認
C:\Users\hm60m\Documents\komi_instagram\20250901_DODf51FEipN\02.jpg,20250901,静止画,症例,リップ,要目視,要目視,4:5,1440x1801,,,https://www.instagram.com/p/DODf51FEipN/,要確認
C:\Users\hm60m\Documents\komi_instagram\20250901_DODf51FEipN\03.jpg,20250901,静止画,症例,リップ,要目視,要目視,4:5,1440x1801,,,https://www.instagram.com/p/DODf51FEipN/,要確認
C:\Users\hm60m\Documents\komi_instagram\20250901_DODf51FEipN\04.mp4,20250901,動画,ヒーロー候補,リップ,要目視,要目視,4:5,720x900,5.0,,https://www.instagram.com/p/DODf51FEipN/,要確認
C:\Users\hm60m\Documents\komi_instagram\20250902_DOGLkOjEuZg\01.jpg,20250902,静止画,症例,リップ,要目視,要目視,4:5,1440x1801,,,https://www.instagram.com/p/DOGLkOjEuZg/,要確認
C:\Users\hm60m\Documents\komi_instagram\20250902_DOGLkOjEuZg\02.jpg,20250902,静止画,症例,リップ,要目視,要目視,4:5,1440x1801,,,https://www.instagram.com/p/DOGLkOjEuZg/,要確認
C:\Users\hm60m\Documents\komi_instagram\20250902_DOGLkOjEuZg\03.mp4,20250902,動画,ヒーロー候補,リップ,要目視,要目視,4:5,360x450,5.0,,https://www.instagram.com/p/DOGLkOjEuZg/,要確認
C:\Users\hm60m\Documents\komi_instagram\20250903_DOImBKzkvEP\01.mp4,20250903,動画,ヒーロー候補,,要目視,要目視,9:16,720x1280,20.5,,https://www.instagram.com/p/DOImBKzkvEP/,要確認
C:\Users\hm60m\Documents\komi_instagram\20250904_DOLb9qkEpnC\01.jpg,20250904,静止画,雰囲気/人物,眉,要目視,要目視,4:5,1440x1806,,,https://www.instagram.com/p/DOLb9qkEpnC/,要確認
C:\Users\hm60m\Documents\komi_instagram\20250904_DOLb9qkEpnC\02.jpg,20250904,静止画,雰囲気/人物,眉,要目視,要目視,4:5,1440x1806,,,https://www.instagram.com/p/DOLb9qkEpnC/,要確認
C:\Users\hm60m\Documents\komi_instagram\20250904_DOLb9qkEpnC\03.mp4,20250904,動画,ヒーロー候補,眉,要目視,要目視,4:5,360x450,7.0,,https://www.instagram.com/p/DOLb9qkEpnC/,要確認
C:\Users\hm60m\Documents\komi_instagram\20250904_DOLb9qkEpnC\04.mp4,20250904,動画,ヒーロー候補,眉,要目視,要目視,4:5,360x450,5.0,,https://www.instagram.com/p/DOLb9qkEpnC/,要確認
C:\Users\hm60m\Documents\komi_instagram\20250905_DON58JAkhlO\01.jpg,20250905,静止画,症例,眉,要目視,要目視,4:5,1440x1801,,,https://www.instagram.com/p/DON58JAkhlO/,要確認
C:\Users\hm60m\Documents\komi_instagram\20250905_DON58JAkhlO\02.mp4,20250905,動画,ヒーロー候補,眉,要目視,要目視,4:5,720x900,5.0,,https://www.instagram.com/p/DON58JAkhlO/,要確認
C:\Users\hm60m\Documents\komi_instagram\20250906_DOQbTG3Eh80\01.jpg,20250906,静止画,症例,眉,要目視,要目視,4:5,1440x1801,,,https://www.instagram.com/p/DOQbTG3Eh80/,要確認
C:\Users\hm60m\Documents\komi_instagram\20250906_DOQbTG3Eh80\02.jpg,20250906,静止画,症例,眉,要目視,要目視,4:5,1440x1801,,,https://www.instagram.com/p/DOQbTG3Eh80/,要確認
C:\Users\hm60m\Documents\komi_instagram\20250906_DOQbTG3Eh80\03.mp4,20250906,動画,ヒーロー候補,眉,要目視,要目視,4:5,720x900,5.0,,https://www.instagram.com/p/DOQbTG3Eh80/,要確認
C:\Users\hm60m\Documents\komi_instagram\20250909_DOYJpo8Egjg\01.jpg,20250909,静止画,症例,眉,要目視,要目視,4:5,1440x1801,,,https://www.instagram.com/p/DOYJpo8Egjg/,要確認
C:\Users\hm60m\Documents\komi_instagram\20250909_DOYJpo8Egjg\02.mp4,20250909,動画,ヒーロー候補,眉,要目視,要目視,4:5,720x900,6.5,,https://www.instagram.com/p/DOYJpo8Egjg/,要確認
C:\Users\hm60m\Documents\komi_instagram\20250909_DOYJpo8Egjg\03.mp4,20250909,動画,ヒーロー候補,眉,要目視,要目視,4:5,720x900,5.0,,https://www.instagram.com/p/DOYJpo8Egjg/,要確認
C:\Users\hm60m\Documents\komi_instagram\20250910_DOaudYeknAa\01.jpg,20250910,静止画,雰囲気/人物,眉,要目視,要目視,4:5,1440x1801,,,https://www.instagram.com/p/DOaudYeknAa/,要確認
C:\Users\hm60m\Documents\komi_instagram\20250910_DOaudYeknAa\02.jpg,20250910,静止画,雰囲気/人物,眉,要目視,要目視,4:5,1440x1801,,,https://www.instagram.com/p/DOaudYeknAa/,要確認
C:\Users\hm60m\Documents\komi_instagram\20250910_DOaudYeknAa\03.mp4,20250910,動画,ヒーロー候補,眉,要目視,要目視,4:5,360x450,5.0,,https://www.instagram.com/p/DOaudYeknAa/,要確認
C:\Users\hm60m\Documents\komi_instagram\20250911_DOdP0gtEmQg\01.mp4,20250911,動画,ヒーロー候補,眉,要目視,要目視,9:16,360x640,18.5,,https://www.instagram.com/p/DOdP0gtEmQg/,要確認
C:\Users\hm60m\Documents\komi_instagram\20250914_DOkhSImkmF4\01.mp4,20250914,動画,ヒーロー候補,眉,要目視,要目視,9:16,720x1280,16.3,,https://www.instagram.com/p/DOkhSImkmF4/,要確認
C:\Users\hm60m\Documents\komi_instagram\20250914_DOkxXP3Epgd\01.mp4,20250914,動画,ヒーロー候補,眉,要目視,要目視,9:16,480x854,42.8,,https://www.instagram.com/p/DOkxXP3Epgd/,要確認
C:\Users\hm60m\Documents\komi_instagram\20250915_DOnfiP0ElXG\01.mp4,20250915,動画,ヒーロー候補,眉,要目視,要目視,9:16,360x640,32.3,,https://www.instagram.com/p/DOnfiP0ElXG/,要確認
C:\Users\hm60m\Documents\komi_instagram\20250916_DPOK7wKElMb\01.mp4,20250916,動画,ヒーロー候補,リップ,要目視,要目視,9:16,720x1280,9.9,,https://www.instagram.com/p/DPOK7wKElMb/,要確認
C:\Users\hm60m\Documents\komi_instagram\20251025_DQOmQDREhGw\01.mp4,20251025,動画,ヒーロー候補,アイライン,要目視,要目視,9:16,360x640,29.6,,https://www.instagram.com/p/DQOmQDREhGw/,要確認
C:\Users\hm60m\Documents\komi_instagram\20251026_DQRK_cvEuwR\01.mp4,20251026,動画,ヒーロー候補,眉,要目視,要目視,9:16,360x640,8.0,,https://www.instagram.com/p/DQRK_cvEuwR/,要確認
C:\Users\hm60m\Documents\komi_instagram\20251206_DR6vnqUEoXM\01.mp4,20251206,動画,ヒーロー候補,リップ,要目視,要目視,9:16,360x640,45.0,,https://www.instagram.com/p/DR6vnqUEoXM/,要確認
C:\Users\hm60m\Documents\komi_instagram\20251210_DSFIB-JEjsm\01.mp4,20251210,動画,ヒーロー候補,リップ,要目視,要目視,9:16,720x1280,15.1,,https://www.instagram.com/p/DSFIB-JEjsm/,要確認
C:\Users\hm60m\Documents\komi_instagram\20251223_DSmlXNkEiMy\01.jpg,20251223,静止画,症例,アイライン,要目視,要目視,4:5,1440x1801,,,https://www.instagram.com/p/DSmlXNkEiMy/,要確認
C:\Users\hm60m\Documents\komi_instagram\20251223_DSmlXNkEiMy\02.mp4,20251223,動画,ヒーロー候補,アイライン,要目視,要目視,4:5,360x450,7.2,,https://www.instagram.com/p/DSmlXNkEiMy/,要確認
C:\Users\hm60m\Documents\komi_instagram\20251223_DSmlXNkEiMy\03.mp4,20251223,動画,ヒーロー候補,アイライン,要目視,要目視,4:5,360x450,5.0,,https://www.instagram.com/p/DSmlXNkEiMy/,要確認
C:\Users\hm60m\Documents\komi_instagram\20251224_DSo_EtbklwS\01.jpg,20251224,静止画,症例,眉,要目視,要目視,4:5,1440x1801,,,https://www.instagram.com/p/DSo_EtbklwS/,要確認
C:\Users\hm60m\Documents\komi_instagram\20251224_DSo_EtbklwS\02.jpg,20251224,静止画,症例,眉,要目視,要目視,4:5,1440x1801,,,https://www.instagram.com/p/DSo_EtbklwS/,要確認
C:\Users\hm60m\Documents\komi_instagram\20251224_DSo_EtbklwS\03.jpg,20251224,静止画,症例,眉,要目視,要目視,4:5,1440x1801,,,https://www.instagram.com/p/DSo_EtbklwS/,要確認
C:\Users\hm60m\Documents\komi_instagram\20251224_DSo_EtbklwS\04.mp4,20251224,動画,ヒーロー候補,眉,要目視,要目視,4:5,360x450,7.6,,https://www.instagram.com/p/DSo_EtbklwS/,要確認
C:\Users\hm60m\Documents\komi_instagram\20251224_DSo_EtbklwS\05.mp4,20251224,動画,ヒーロー候補,眉,要目視,要目視,4:5,360x450,5.0,,https://www.instagram.com/p/DSo_EtbklwS/,要確認
C:\Users\hm60m\Documents\komi_instagram\20251225_DSrqvA6EnZ4\01.jpg,20251225,静止画,症例,眉,要目視,要目視,4:5,1440x1801,,,https://www.instagram.com/p/DSrqvA6EnZ4/,要確認
C:\Users\hm60m\Documents\komi_instagram\20251225_DSrqvA6EnZ4\02.mp4,20251225,動画,ヒーロー候補,眉,要目視,要目視,4:5,720x900,7.9,,https://www.instagram.com/p/DSrqvA6EnZ4/,要確認
C:\Users\hm60m\Documents\komi_instagram\20251225_DSrqvA6EnZ4\03.mp4,20251225,動画,ヒーロー候補,眉,要目視,要目視,4:5,720x900,6.7,,https://www.instagram.com/p/DSrqvA6EnZ4/,要確認
C:\Users\hm60m\Documents\komi_instagram\20251225_DSrqvA6EnZ4\04.mp4,20251225,動画,ヒーロー候補,眉,要目視,要目視,4:5,720x900,7.6,,https://www.instagram.com/p/DSrqvA6EnZ4/,要確認
C:\Users\hm60m\Documents\komi_instagram\20251225_DSrqvA6EnZ4\05.mp4,20251225,動画,ヒーロー候補,眉,要目視,要目視,4:5,720x900,5.0,,https://www.instagram.com/p/DSrqvA6EnZ4/,要確認
C:\Users\hm60m\Documents\komi_instagram\20251230_DS3eBbREita\01.jpg,20251230,静止画,雰囲気/人物,パラメディカル,要目視,要目視,4:5,1440x1801,,,https://www.instagram.com/p/DS3eBbREita/,要確認
C:\Users\hm60m\Documents\komi_instagram\20251230_DS3eBbREita\02.mp4,20251230,動画,ヒーロー候補,パラメディカル,要目視,要目視,4:5,720x900,5.0,,https://www.instagram.com/p/DS3eBbREita/,要確認
C:\Users\hm60m\Documents\komi_instagram\20260103_DTC8XHqEuTL\01.mp4,20260103,動画,ヒーロー候補,眉,要目視,要目視,4:5,720x900,16.1,,https://www.instagram.com/p/DTC8XHqEuTL/,要確認
C:\Users\hm60m\Documents\komi_instagram\20260103_DTCvB8Skv33\01.jpg,20260103,静止画,症例,眉,要目視,要目視,4:5,1440x1801,,,https://www.instagram.com/p/DTCvB8Skv33/,要確認
C:\Users\hm60m\Documents\komi_instagram\20260103_DTCvB8Skv33\02.jpg,20260103,静止画,症例,眉,要目視,要目視,4:5,1440x1801,,,https://www.instagram.com/p/DTCvB8Skv33/,要確認
C:\Users\hm60m\Documents\komi_instagram\20260103_DTCvB8Skv33\03.mp4,20260103,動画,ヒーロー候補,眉,要目視,要目視,4:5,360x450,7.8,,https://www.instagram.com/p/DTCvB8Skv33/,要確認
C:\Users\hm60m\Documents\komi_instagram\20260103_DTCvB8Skv33\04.jpg,20260103,静止画,症例,眉,要目視,要目視,4:5,1440x1801,,,https://www.instagram.com/p/DTCvB8Skv33/,要確認
C:\Users\hm60m\Documents\komi_instagram\20260103_DTCvB8Skv33\05.mp4,20260103,動画,ヒーロー候補,眉,要目視,要目視,4:5,360x450,5.0,,https://www.instagram.com/p/DTCvB8Skv33/,要確認
C:\Users\hm60m\Documents\komi_instagram\20260104_DTEurmMktyF\01.mp4,20260104,動画,ヒーロー候補,アイライン,要目視,要目視,4:5,360x450,7.3,,https://www.instagram.com/p/DTEurmMktyF/,要確認
C:\Users\hm60m\Documents\komi_instagram\20260104_DTFXSGOksae\01.jpg,20260104,静止画,症例,眉,要目視,要目視,4:5,1440x1801,,,https://www.instagram.com/p/DTFXSGOksae/,要確認
C:\Users\hm60m\Documents\komi_instagram\20260104_DTFXSGOksae\02.jpg,20260104,静止画,症例,眉,要目視,要目視,4:5,1440x1801,,,https://www.instagram.com/p/DTFXSGOksae/,要確認
C:\Users\hm60m\Documents\komi_instagram\20260104_DTFXSGOksae\03.mp4,20260104,動画,ヒーロー候補,眉,要目視,要目視,4:5,360x450,7.8,,https://www.instagram.com/p/DTFXSGOksae/,要確認
C:\Users\hm60m\Documents\komi_instagram\20260104_DTFXSGOksae\04.mp4,20260104,動画,ヒーロー候補,眉,要目視,要目視,4:5,360x450,5.0,,https://www.instagram.com/p/DTFXSGOksae/,要確認
C:\Users\hm60m\Documents\komi_instagram\20260104_DTGtDaUEjSA\01.jpg,20260104,静止画,症例,アイライン,要目視,要目視,4:5,1440x1801,,,https://www.instagram.com/p/DTGtDaUEjSA/,要確認
C:\Users\hm60m\Documents\komi_instagram\20260104_DTGtDaUEjSA\02.mp4,20260104,動画,ヒーロー候補,アイライン,要目視,要目視,4:5,360x450,5.0,,https://www.instagram.com/p/DTGtDaUEjSA/,要確認
C:\Users\hm60m\Documents\komi_instagram\20260106_DTKg1ZJEsvM\01.jpg,20260106,静止画,症例,眉,要目視,要目視,4:5,1440x1801,,,https://www.instagram.com/p/DTKg1ZJEsvM/,要確認
C:\Users\hm60m\Documents\komi_instagram\20260106_DTKg1ZJEsvM\02.jpg,20260106,静止画,症例,眉,要目視,要目視,4:5,1440x1801,,,https://www.instagram.com/p/DTKg1ZJEsvM/,要確認
C:\Users\hm60m\Documents\komi_instagram\20260106_DTKg1ZJEsvM\03.jpg,20260106,静止画,症例,眉,要目視,要目視,4:5,1440x1801,,,https://www.instagram.com/p/DTKg1ZJEsvM/,要確認
C:\Users\hm60m\Documents\komi_instagram\20260106_DTKg1ZJEsvM\04.mp4,20260106,動画,ヒーロー候補,眉,要目視,要目視,4:5,360x450,5.0,,https://www.instagram.com/p/DTKg1ZJEsvM/,要確認
C:\Users\hm60m\Documents\komi_instagram\20260106_DTKU39ZkupO\01.mp4,20260106,動画,ヒーロー候補,眉,要目視,要目視,4:5,360x450,12.5,,https://www.instagram.com/p/DTKU39ZkupO/,要確認
C:\Users\hm60m\Documents\komi_instagram\20260107_DTNFrjUEpnW\01.jpg,20260107,静止画,症例,眉,要目視,要目視,4:5,1440x1801,,,https://www.instagram.com/p/DTNFrjUEpnW/,要確認
C:\Users\hm60m\Documents\komi_instagram\20260107_DTNFrjUEpnW\02.jpg,20260107,静止画,症例,眉,要目視,要目視,4:5,1440x1801,,,https://www.instagram.com/p/DTNFrjUEpnW/,要確認
C:\Users\hm60m\Documents\komi_instagram\20260107_DTNFrjUEpnW\03.jpg,20260107,静止画,症例,眉,要目視,要目視,4:5,1440x1801,,,https://www.instagram.com/p/DTNFrjUEpnW/,要確認
C:\Users\hm60m\Documents\komi_instagram\20260107_DTNFrjUEpnW\04.jpg,20260107,静止画,症例,眉,要目視,要目視,4:5,1440x1801,,,https://www.instagram.com/p/DTNFrjUEpnW/,要確認
C:\Users\hm60m\Documents\komi_instagram\20260107_DTNFrjUEpnW\05.mp4,20260107,動画,ヒーロー候補,眉,要目視,要目視,4:5,720x900,5.0,,https://www.instagram.com/p/DTNFrjUEpnW/,要確認
C:\Users\hm60m\Documents\komi_instagram\20260109_DTS6ou9koQR\01.mp4,20260109,動画,ヒーロー候補,アイライン,要目視,要目視,9:16,360x640,8.0,,https://www.instagram.com/p/DTS6ou9koQR/,要確認
C:\Users\hm60m\Documents\komi_instagram\20260109_DTSWP19knSJ\01.jpg,20260109,静止画,症例,アイライン,要目視,要目視,4:5,1440x1801,,,https://www.instagram.com/p/DTSWP19knSJ/,要確認
C:\Users\hm60m\Documents\komi_instagram\20260109_DTSWP19knSJ\02.jpg,20260109,静止画,症例,アイライン,要目視,要目視,4:5,1440x1801,,,https://www.instagram.com/p/DTSWP19knSJ/,要確認
C:\Users\hm60m\Documents\komi_instagram\20260109_DTSWP19knSJ\03.mp4,20260109,動画,ヒーロー候補,アイライン,要目視,要目視,4:5,720x900,5.0,,https://www.instagram.com/p/DTSWP19knSJ/,要確認
C:\Users\hm60m\Documents\komi_instagram\20260120_DTuqzK2kmz_\01.jpg,20260120,静止画,症例,リップ,要目視,要目視,4:5,1440x1801,,,https://www.instagram.com/p/DTuqzK2kmz_/,要確認
C:\Users\hm60m\Documents\komi_instagram\20260120_DTuqzK2kmz_\02.mp4,20260120,動画,ヒーロー候補,リップ,要目視,要目視,4:5,720x900,5.0,,https://www.instagram.com/p/DTuqzK2kmz_/,要確認
C:\Users\hm60m\Documents\komi_instagram\20260122_DTzw7__EhOJ\01.jpg,20260122,静止画,症例,リップ,要目視,要目視,4:5,1440x1801,,,https://www.instagram.com/p/DTzw7__EhOJ/,要確認
C:\Users\hm60m\Documents\komi_instagram\20260122_DTzw7__EhOJ\02.jpg,20260122,静止画,症例,リップ,要目視,要目視,4:5,1440x1801,,,https://www.instagram.com/p/DTzw7__EhOJ/,要確認
C:\Users\hm60m\Documents\komi_instagram\20260122_DTzw7__EhOJ\03.mp4,20260122,動画,ヒーロー候補,リップ,要目視,要目視,4:5,720x900,5.0,,https://www.instagram.com/p/DTzw7__EhOJ/,要確認
C:\Users\hm60m\Documents\komi_instagram\20260126_DT-Hi-sEgQ2\01.jpg,20260126,静止画,症例,リップ,要目視,要目視,4:5,1440x1801,,,https://www.instagram.com/p/DT-Hi-sEgQ2/,要確認
C:\Users\hm60m\Documents\komi_instagram\20260126_DT-Hi-sEgQ2\02.mp4,20260126,動画,ヒーロー候補,リップ,要目視,要目視,4:5,720x900,5.0,,https://www.instagram.com/p/DT-Hi-sEgQ2/,要確認
C:\Users\hm60m\Documents\komi_instagram\20260220_DU-1yizEki3\01.jpg,20260220,静止画,症例,アイライン,要目視,要目視,4:5,1440x1801,,,https://www.instagram.com/p/DU-1yizEki3/,要確認
C:\Users\hm60m\Documents\komi_instagram\20260220_DU-1yizEki3\02.jpg,20260220,静止画,症例,アイライン,要目視,要目視,4:5,1440x1801,,,https://www.instagram.com/p/DU-1yizEki3/,要確認
C:\Users\hm60m\Documents\komi_instagram\20260220_DU-1yizEki3\03.mp4,20260220,動画,ヒーロー候補,アイライン,要目視,要目視,4:5,720x900,5.0,,https://www.instagram.com/p/DU-1yizEki3/,要確認
C:\Users\hm60m\Documents\komi_instagram\20260227_DVQ5NeOEs_e\01.mp4,20260227,動画,ヒーロー候補,眉,要目視,要目視,4:5,720x900,17.5,,https://www.instagram.com/p/DVQ5NeOEs_e/,要確認
C:\Users\hm60m\Documents\komi_instagram\20260227_DVQu3sAkvMK\01.jpg,20260227,静止画,症例,眉,要目視,要目視,4:5,1440x1801,,,https://www.instagram.com/p/DVQu3sAkvMK/,要確認
C:\Users\hm60m\Documents\komi_instagram\20260227_DVQu3sAkvMK\02.jpg,20260227,静止画,症例,眉,要目視,要目視,4:5,1440x1801,,,https://www.instagram.com/p/DVQu3sAkvMK/,要確認
C:\Users\hm60m\Documents\komi_instagram\20260227_DVQu3sAkvMK\03.jpg,20260227,静止画,症例,眉,要目視,要目視,4:5,1440x1801,,,https://www.instagram.com/p/DVQu3sAkvMK/,要確認
C:\Users\hm60m\Documents\komi_instagram\20260227_DVQu3sAkvMK\04.mp4,20260227,動画,ヒーロー候補,眉,要目視,要目視,4:5,720x900,5.0,,https://www.instagram.com/p/DVQu3sAkvMK/,要確認
C:\Users\hm60m\Documents\komi_instagram\20260228_DVS7ijrkloQ\01.jpg,20260228,静止画,症例,眉,要目視,要目視,4:5,1440x1806,,,https://www.instagram.com/p/DVS7ijrkloQ/,要確認
C:\Users\hm60m\Documents\komi_instagram\20260228_DVS7ijrkloQ\02.jpg,20260228,静止画,症例,眉,要目視,要目視,4:5,1440x1806,,,https://www.instagram.com/p/DVS7ijrkloQ/,要確認
C:\Users\hm60m\Documents\komi_instagram\20260228_DVS7ijrkloQ\03.mp4,20260228,動画,ヒーロー候補,眉,要目視,要目視,4:5,716x898,5.0,,https://www.instagram.com/p/DVS7ijrkloQ/,要確認
C:\Users\hm60m\Documents\komi_instagram\20260303_DVbcbP0kkHv\01.mp4,20260303,動画,ヒーロー候補,アイライン,要目視,要目視,4:5,360x450,15.6,,https://www.instagram.com/p/DVbcbP0kkHv/,要確認
C:\Users\hm60m\Documents\komi_instagram\20260304_DVdSL-yEuPW\01.jpg,20260304,静止画,症例,アイライン,要目視,要目視,4:5,1440x1801,,,https://www.instagram.com/p/DVdSL-yEuPW/,要確認
C:\Users\hm60m\Documents\komi_instagram\20260304_DVdSL-yEuPW\02.jpg,20260304,静止画,症例,アイライン,要目視,要目視,4:5,1440x1801,,,https://www.instagram.com/p/DVdSL-yEuPW/,要確認
C:\Users\hm60m\Documents\komi_instagram\20260304_DVdSL-yEuPW\03.mp4,20260304,動画,ヒーロー候補,アイライン,要目視,要目視,4:5,720x900,5.7,,https://www.instagram.com/p/DVdSL-yEuPW/,要確認
C:\Users\hm60m\Documents\komi_instagram\20260304_DVdSL-yEuPW\04.jpg,20260304,静止画,症例,アイライン,要目視,要目視,4:5,1440x1801,,,https://www.instagram.com/p/DVdSL-yEuPW/,要確認
C:\Users\hm60m\Documents\komi_instagram\20260304_DVdSL-yEuPW\05.mp4,20260304,動画,ヒーロー候補,アイライン,要目視,要目視,4:5,720x900,5.0,,https://www.instagram.com/p/DVdSL-yEuPW/,要確認
C:\Users\hm60m\Documents\komi_instagram\20260320_DWGiEBtEt6v\01.jpg,20260320,静止画,症例,ヘアライン,要目視,要目視,4:5,1440x1801,,,https://www.instagram.com/p/DWGiEBtEt6v/,要確認
C:\Users\hm60m\Documents\komi_instagram\20260320_DWGiEBtEt6v\02.jpg,20260320,静止画,症例,ヘアライン,要目視,要目視,4:5,1440x1801,,,https://www.instagram.com/p/DWGiEBtEt6v/,要確認
C:\Users\hm60m\Documents\komi_instagram\20260320_DWGiEBtEt6v\03.mp4,20260320,動画,ヒーロー候補,ヘアライン,要目視,要目視,4:5,360x450,5.8,,https://www.instagram.com/p/DWGiEBtEt6v/,要確認
C:\Users\hm60m\Documents\komi_instagram\20260320_DWGiEBtEt6v\04.mp4,20260320,動画,ヒーロー候補,ヘアライン,要目視,要目視,4:5,360x450,10.0,,https://www.instagram.com/p/DWGiEBtEt6v/,要確認
C:\Users\hm60m\Documents\komi_instagram\20260320_DWGiEBtEt6v\05.mp4,20260320,動画,ヒーロー候補,ヘアライン,要目視,要目視,4:5,360x450,5.2,,https://www.instagram.com/p/DWGiEBtEt6v/,要確認
C:\Users\hm60m\Documents\komi_instagram\20260320_DWGiEBtEt6v\06.mp4,20260320,動画,ヒーロー候補,ヘアライン,要目視,要目視,4:5,360x450,5.0,,https://www.instagram.com/p/DWGiEBtEt6v/,要確認
C:\Users\hm60m\Documents\komi_instagram\20260321_DWJa5xFEqKG\01.mp4,20260321,動画,ヒーロー候補,ヘアライン,要目視,要目視,9:16,720x1280,30.2,,https://www.instagram.com/p/DWJa5xFEqKG/,要確認
C:\Users\hm60m\Documents\komi_instagram\20260321_DWJHFqbElNv\01.jpg,20260321,静止画,症例,頭皮,要目視,要目視,4:5,1440x1801,,,https://www.instagram.com/p/DWJHFqbElNv/,要確認
C:\Users\hm60m\Documents\komi_instagram\20260321_DWJHFqbElNv\02.jpg,20260321,静止画,症例,頭皮,要目視,要目視,4:5,1440x1801,,,https://www.instagram.com/p/DWJHFqbElNv/,要確認
C:\Users\hm60m\Documents\komi_instagram\20260321_DWJHFqbElNv\03.jpg,20260321,静止画,症例,頭皮,要目視,要目視,4:5,1440x1801,,,https://www.instagram.com/p/DWJHFqbElNv/,要確認
C:\Users\hm60m\Documents\komi_instagram\20260321_DWJHFqbElNv\04.mp4,20260321,動画,ヒーロー候補,頭皮,要目視,要目視,4:5,720x900,5.0,,https://www.instagram.com/p/DWJHFqbElNv/,要確認
C:\Users\hm60m\Documents\komi_instagram\20260322_DWMAfynkqoH\01.jpg,20260322,静止画,症例,アイライン,要目視,要目視,4:5,1440x1801,,,https://www.instagram.com/p/DWMAfynkqoH/,要確認
C:\Users\hm60m\Documents\komi_instagram\20260322_DWMAfynkqoH\02.jpg,20260322,静止画,症例,アイライン,要目視,要目視,4:5,1440x1801,,,https://www.instagram.com/p/DWMAfynkqoH/,要確認
C:\Users\hm60m\Documents\komi_instagram\20260322_DWMAfynkqoH\03.mp4,20260322,動画,ヒーロー候補,アイライン,要目視,要目視,4:5,360x450,6.0,,https://www.instagram.com/p/DWMAfynkqoH/,要確認
C:\Users\hm60m\Documents\komi_instagram\20260322_DWMAfynkqoH\04.mp4,20260322,動画,ヒーロー候補,アイライン,要目視,要目視,4:5,360x450,5.0,,https://www.instagram.com/p/DWMAfynkqoH/,要確認
C:\Users\hm60m\Documents\komi_instagram\20260324_DWQ1bFoEgxn\01.jpg,20260324,静止画,症例,頭皮,要目視,要目視,4:5,1440x1801,,,https://www.instagram.com/p/DWQ1bFoEgxn/,要確認
C:\Users\hm60m\Documents\komi_instagram\20260324_DWQ1bFoEgxn\02.jpg,20260324,静止画,症例,頭皮,要目視,要目視,4:5,1440x1801,,,https://www.instagram.com/p/DWQ1bFoEgxn/,要確認
C:\Users\hm60m\Documents\komi_instagram\20260324_DWQ1bFoEgxn\03.mp4,20260324,動画,ヒーロー候補,頭皮,要目視,要目視,4:5,720x900,11.0,,https://www.instagram.com/p/DWQ1bFoEgxn/,要確認
C:\Users\hm60m\Documents\komi_instagram\20260324_DWQ1bFoEgxn\04.jpg,20260324,静止画,症例,頭皮,要目視,要目視,4:5,1440x1801,,,https://www.instagram.com/p/DWQ1bFoEgxn/,要確認
C:\Users\hm60m\Documents\komi_instagram\20260324_DWQ1bFoEgxn\05.mp4,20260324,動画,ヒーロー候補,頭皮,要目視,要目視,4:5,720x900,5.0,,https://www.instagram.com/p/DWQ1bFoEgxn/,要確認
C:\Users\hm60m\Documents\komi_instagram\20260325_DWTdAHFkuLi\01.mp4,20260325,動画,ヒーロー候補,,要目視,要目視,9:16,720x1278,5.2,,https://www.instagram.com/p/DWTdAHFkuLi/,要確認
C:\Users\hm60m\Documents\komi_instagram\20260326_DWTaTLPEs7O\01.jpg,20260326,静止画,症例,リップ,要目視,要目視,4:5,1440x1801,,,https://www.instagram.com/p/DWTaTLPEs7O/,要確認
C:\Users\hm60m\Documents\komi_instagram\20260326_DWTaTLPEs7O\02.mp4,20260326,動画,要確認,リップ,要目視,要目視,4:5,360x450,4.0,,https://www.instagram.com/p/DWTaTLPEs7O/,要確認
C:\Users\hm60m\Documents\komi_instagram\20260326_DWTaTLPEs7O\03.mp4,20260326,動画,要確認,リップ,要目視,要目視,4:5,360x450,2.0,,https://www.instagram.com/p/DWTaTLPEs7O/,要確認
C:\Users\hm60m\Documents\komi_instagram\20260326_DWTaTLPEs7O\04.mp4,20260326,動画,ヒーロー候補,リップ,要目視,要目視,4:5,360x450,5.0,,https://www.instagram.com/p/DWTaTLPEs7O/,要確認
C:\Users\hm60m\Documents\komi_instagram\20260327_DWWF8JuknUx\01.jpg,20260327,静止画,症例,リップ,要目視,要目視,4:5,1440x1801,,,https://www.instagram.com/p/DWWF8JuknUx/,要確認
C:\Users\hm60m\Documents\komi_instagram\20260327_DWWF8JuknUx\02.mp4,20260327,動画,ヒーロー候補,リップ,要目視,要目視,4:5,720x900,5.0,,https://www.instagram.com/p/DWWF8JuknUx/,要確認
C:\Users\hm60m\Documents\komi_instagram\20260409_DW5k-SBErgF\01.mp4,20260409,動画,ヒーロー候補,,要目視,要目視,4:5,720x900,15.2,,https://www.instagram.com/p/DW5k-SBErgF/,要確認
C:\Users\hm60m\Documents\komi_instagram\20260414_DXG6vOFkvwX\01.jpg,20260414,静止画,症例,パラメディカル,要目視,要目視,4:5,1440x1801,,,https://www.instagram.com/p/DXG6vOFkvwX/,要確認
C:\Users\hm60m\Documents\komi_instagram\20260414_DXG6vOFkvwX\02.jpg,20260414,静止画,症例,パラメディカル,要目視,要目視,4:5,1440x1801,,,https://www.instagram.com/p/DXG6vOFkvwX/,要確認
C:\Users\hm60m\Documents\komi_instagram\20260414_DXG6vOFkvwX\03.mp4,20260414,動画,ヒーロー候補,パラメディカル,要目視,要目視,4:5,720x900,5.0,,https://www.instagram.com/p/DXG6vOFkvwX/,要確認
C:\Users\hm60m\Documents\komi_instagram\20260512_DYPAdpyEjIf\01.mp4,20260512,動画,ヒーロー候補,眉,要目視,要目視,4:5,720x900,8.3,,https://www.instagram.com/p/DYPAdpyEjIf/,要確認
C:\Users\hm60m\Documents\komi_instagram\20260512_DYPAdpyEjIf\02.jpg,20260512,静止画,症例,眉,要目視,要目視,4:5,1080x1350,,,https://www.instagram.com/p/DYPAdpyEjIf/,要確認
C:\Users\hm60m\Documents\komi_instagram\20260512_DYPAdpyEjIf\03.jpg,20260512,静止画,症例,眉,要目視,要目視,4:5,1080x1350,,,https://www.instagram.com/p/DYPAdpyEjIf/,要確認
C:\Users\hm60m\Documents\komi_instagram\20260512_DYPAdpyEjIf\04.jpg,20260512,静止画,症例,眉,要目視,要目視,4:5,1080x1350,,,https://www.instagram.com/p/DYPAdpyEjIf/,要確認
C:\Users\hm60m\Documents\komi_instagram\20260512_DYPAdpyEjIf\05.mp4,20260512,動画,ヒーロー候補,眉,要目視,要目視,4:5,720x900,5.0,,https://www.instagram.com/p/DYPAdpyEjIf/,要確認
C:\Users\hm60m\Documents\komi_instagram\20260512_DYPBVJES4Ah\01.mp4,20260512,動画,ヒーロー候補,眉,要目視,要目視,9:16,720x1280,18.1,,https://www.instagram.com/p/DYPBVJES4Ah/,要確認
C:\Users\hm60m\Documents\komi_instagram\20260514_DYUKCwdkke3\01.jpg,20260514,静止画,症例,眉,要目視,要目視,4:5,1080x1350,,,https://www.instagram.com/p/DYUKCwdkke3/,要確認
C:\Users\hm60m\Documents\komi_instagram\20260514_DYUKCwdkke3\02.jpg,20260514,静止画,症例,眉,要目視,要目視,4:5,1080x1350,,,https://www.instagram.com/p/DYUKCwdkke3/,要確認
C:\Users\hm60m\Documents\komi_instagram\20260514_DYUKCwdkke3\03.mp4,20260514,動画,ヒーロー候補,眉,要目視,要目視,4:5,720x900,8.3,,https://www.instagram.com/p/DYUKCwdkke3/,要確認
C:\Users\hm60m\Documents\komi_instagram\20260514_DYUKCwdkke3\04.jpg,20260514,静止画,症例,眉,要目視,要目視,4:5,1080x1350,,,https://www.instagram.com/p/DYUKCwdkke3/,要確認
C:\Users\hm60m\Documents\komi_instagram\20260514_DYUKCwdkke3\05.mp4,20260514,動画,ヒーロー候補,眉,要目視,要目視,4:5,720x900,5.0,,https://www.instagram.com/p/DYUKCwdkke3/,要確認
C:\Users\hm60m\Documents\komi_instagram\20260518_DYeZeDVkl8w\01.jpg,20260518,静止画,症例,眉,要目視,要目視,4:5,1080x1350,,,https://www.instagram.com/p/DYeZeDVkl8w/,要確認
C:\Users\hm60m\Documents\komi_instagram\20260518_DYeZeDVkl8w\02.jpg,20260518,静止画,症例,眉,要目視,要目視,4:5,1080x1350,,,https://www.instagram.com/p/DYeZeDVkl8w/,要確認
C:\Users\hm60m\Documents\komi_instagram\20260518_DYeZeDVkl8w\03.jpg,20260518,静止画,症例,眉,要目視,要目視,4:5,1080x1350,,,https://www.instagram.com/p/DYeZeDVkl8w/,要確認
C:\Users\hm60m\Documents\komi_instagram\20260518_DYeZeDVkl8w\04.mp4,20260518,動画,ヒーロー候補,眉,要目視,要目視,4:5,720x900,28.9,,https://www.instagram.com/p/DYeZeDVkl8w/,要確認
C:\Users\hm60m\Documents\komi_instagram\20260525_DYwj3s6EqN3\01.jpg,20260525,静止画,症例,眉,要目視,要目視,4:5,1440x1801,,,https://www.instagram.com/p/DYwj3s6EqN3/,要確認
C:\Users\hm60m\Documents\komi_instagram\20260525_DYwj3s6EqN3\02.jpg,20260525,静止画,症例,眉,要目視,要目視,4:5,1440x1801,,,https://www.instagram.com/p/DYwj3s6EqN3/,要確認
C:\Users\hm60m\Documents\komi_instagram\20260525_DYwj3s6EqN3\03.jpg,20260525,静止画,症例,眉,要目視,要目視,4:5,1440x1801,,,https://www.instagram.com/p/DYwj3s6EqN3/,要確認
C:\Users\hm60m\Documents\komi_instagram\20260525_DYwj3s6EqN3\04.mp4,20260525,動画,ヒーロー候補,眉,要目視,要目視,4:5,720x900,5.0,,https://www.instagram.com/p/DYwj3s6EqN3/,要確認
C:\Users\hm60m\Documents\komi_instagram\20260528_DY3rwjJSO6z\01.mp4,20260528,動画,ヒーロー候補,眉,要目視,要目視,4:5,720x900,14.0,,https://www.instagram.com/p/DY3rwjJSO6z/,要確認
C:\Users\hm60m\Documents\komi_instagram\20260528_DY4Qj19EkAk\01.jpg,20260528,静止画,雰囲気/人物,アイライン,要目視,要目視,4:5,1440x1801,,,https://www.instagram.com/p/DY4Qj19EkAk/,要確認
C:\Users\hm60m\Documents\komi_instagram\20260528_DY4Qj19EkAk\02.jpg,20260528,静止画,雰囲気/人物,アイライン,要目視,要目視,4:5,1440x1801,,,https://www.instagram.com/p/DY4Qj19EkAk/,要確認
C:\Users\hm60m\Documents\komi_instagram\20260528_DY4Qj19EkAk\03.jpg,20260528,静止画,雰囲気/人物,アイライン,要目視,要目視,4:5,1440x1801,,,https://www.instagram.com/p/DY4Qj19EkAk/,要確認
C:\Users\hm60m\Documents\komi_instagram\20260528_DY4Qj19EkAk\04.jpg,20260528,静止画,雰囲気/人物,アイライン,要目視,要目視,4:5,1440x1801,,,https://www.instagram.com/p/DY4Qj19EkAk/,要確認
C:\Users\hm60m\Documents\komi_instagram\20260528_DY4Qj19EkAk\05.jpg,20260528,静止画,雰囲気/人物,アイライン,要目視,要目視,4:5,1440x1801,,,https://www.instagram.com/p/DY4Qj19EkAk/,要確認
C:\Users\hm60m\Documents\komi_instagram\20260528_DY4Qj19EkAk\06.jpg,20260528,静止画,雰囲気/人物,アイライン,要目視,要目視,4:5,1440x1801,,,https://www.instagram.com/p/DY4Qj19EkAk/,要確認
C:\Users\hm60m\Documents\komi_instagram\20260530_DY9bHEISkdY\01.mp4,20260530,動画,ヒーロー候補,アイライン,要目視,要目視,9:16,720x1280,14.7,,https://www.instagram.com/p/DY9bHEISkdY/,要確認
C:\Users\hm60m\Documents\komi_instagram\20260530_DY9do3WkrCv\01.jpg,20260530,静止画,症例,アイライン,要目視,要目視,4:5,1440x1801,,,https://www.instagram.com/p/DY9do3WkrCv/,要確認
C:\Users\hm60m\Documents\komi_instagram\20260530_DY9do3WkrCv\02.jpg,20260530,静止画,症例,アイライン,要目視,要目視,4:5,1440x1801,,,https://www.instagram.com/p/DY9do3WkrCv/,要確認
C:\Users\hm60m\Documents\komi_instagram\20260530_DY9do3WkrCv\03.jpg,20260530,静止画,症例,アイライン,要目視,要目視,4:5,1440x1801,,,https://www.instagram.com/p/DY9do3WkrCv/,要確認
C:\Users\hm60m\Documents\komi_instagram\20260530_DY9do3WkrCv\04.mp4,20260530,動画,ヒーロー候補,アイライン,要目視,要目視,4:5,720x900,6.8,,https://www.instagram.com/p/DY9do3WkrCv/,要確認
C:\Users\hm60m\Documents\komi_instagram\20260530_DY9do3WkrCv\05.mp4,20260530,動画,ヒーロー候補,アイライン,要目視,要目視,4:5,720x900,5.0,,https://www.instagram.com/p/DY9do3WkrCv/,要確認
C:\Users\hm60m\Documents\komi_instagram\20260604_DZKg25USi4S\01.mp4,20260604,動画,ヒーロー候補,,要目視,要目視,9:16,720x1280,22.3,,https://www.instagram.com/p/DZKg25USi4S/,要確認
C:\Users\hm60m\Documents\komi_instagram\20260604_DZKJKZ6Eqc3\01.mp4,20260604,動画,ヒーロー候補,眉,要目視,要目視,4:5,720x900,5.8,済,https://www.instagram.com/p/DZKJKZ6Eqc3/,済(既存症例ページ)
C:\Users\hm60m\Documents\komi_instagram\20260604_DZKJKZ6Eqc3\02.jpg,20260604,静止画,症例,眉,要目視,要目視,4:5,1440x1800,,済,https://www.instagram.com/p/DZKJKZ6Eqc3/,済(既存症例ページ)
C:\Users\hm60m\Documents\komi_instagram\20260604_DZKJKZ6Eqc3\03.jpg,20260604,静止画,症例,眉,要目視,要目視,4:5,1440x1800,,済,https://www.instagram.com/p/DZKJKZ6Eqc3/,済(既存症例ページ)
C:\Users\hm60m\Documents\komi_instagram\20260604_DZKJKZ6Eqc3\04.jpg,20260604,静止画,症例,眉,要目視,要目視,4:5,1440x1800,,済,https://www.instagram.com/p/DZKJKZ6Eqc3/,済(既存症例ページ)
C:\Users\hm60m\Documents\komi_instagram\20260604_DZKJKZ6Eqc3\05.jpg,20260604,静止画,症例,眉,要目視,要目視,4:5,1440x1800,,済,https://www.instagram.com/p/DZKJKZ6Eqc3/,済(既存症例ページ)
C:\Users\hm60m\Documents\komi_instagram\20260604_DZKJKZ6Eqc3\06.mp4,20260604,動画,ヒーロー候補,眉,要目視,要目視,4:5,720x900,5.0,済,https://www.instagram.com/p/DZKJKZ6Eqc3/,済(既存症例ページ)
C:\Users\hm60m\Documents\komi_instagram\20260605_DZM6VLgknXd\01.jpg,20260605,静止画,症例,リップ,要目視,要目視,4:5,1080x1350,,済,https://www.instagram.com/p/DZM6VLgknXd/,済(既存症例ページ)
C:\Users\hm60m\Documents\komi_instagram\20260605_DZM6VLgknXd\02.jpg,20260605,静止画,症例,リップ,要目視,要目視,4:5,1080x1350,,済,https://www.instagram.com/p/DZM6VLgknXd/,済(既存症例ページ)
C:\Users\hm60m\Documents\komi_instagram\20260605_DZM6VLgknXd\03.jpg,20260605,静止画,症例,リップ,要目視,要目視,4:5,1080x1350,,済,https://www.instagram.com/p/DZM6VLgknXd/,済(既存症例ページ)
C:\Users\hm60m\Documents\komi_instagram\20260605_DZM6VLgknXd\04.jpg,20260605,静止画,症例,リップ,要目視,要目視,4:5,1080x1350,,済,https://www.instagram.com/p/DZM6VLgknXd/,済(既存症例ページ)
C:\Users\hm60m\Documents\komi_instagram\20260605_DZM6VLgknXd\05.mp4,20260605,動画,ヒーロー候補,リップ,要目視,要目視,4:5,720x900,5.8,済,https://www.instagram.com/p/DZM6VLgknXd/,済(既存症例ページ)
C:\Users\hm60m\Documents\komi_instagram\20260605_DZM6VLgknXd\06.mp4,20260605,動画,ヒーロー候補,リップ,要目視,要目視,4:5,360x450,5.0,済,https://www.instagram.com/p/DZM6VLgknXd/,済(既存症例ページ)
C:\Users\hm60m\Documents\komi_instagram\20260616_DZpoLJqkjyX\01.jpg,20260616,静止画,雰囲気/人物,眉,要目視,要目視,4:5,1440x1801,,,https://www.instagram.com/p/DZpoLJqkjyX/,要確認
C:\Users\hm60m\Documents\komi_instagram\20260616_DZpoLJqkjyX\02.jpg,20260616,静止画,雰囲気/人物,眉,要目視,要目視,4:5,1440x1801,,,https://www.instagram.com/p/DZpoLJqkjyX/,要確認
C:\Users\hm60m\Documents\komi_instagram\20260616_DZpoLJqkjyX\03.jpg,20260616,静止画,雰囲気/人物,眉,要目視,要目視,4:5,1440x1801,,,https://www.instagram.com/p/DZpoLJqkjyX/,要確認
C:\Users\hm60m\Documents\komi_instagram\20260616_DZpoLJqkjyX\04.jpg,20260616,静止画,雰囲気/人物,眉,要目視,要目視,4:5,1440x1801,,,https://www.instagram.com/p/DZpoLJqkjyX/,要確認
C:\Users\hm60m\Documents\komi_instagram\20260616_DZpoLJqkjyX\05.jpg,20260616,静止画,雰囲気/人物,眉,要目視,要目視,4:5,1440x1801,,,https://www.instagram.com/p/DZpoLJqkjyX/,要確認
C:\Users\hm60m\Documents\komi_instagram\20260616_DZpoLJqkjyX\06.jpg,20260616,静止画,雰囲気/人物,眉,要目視,要目視,4:5,1440x1801,,,https://www.instagram.com/p/DZpoLJqkjyX/,要確認
C:\Users\hm60m\Documents\komi_instagram\20260616_DZpoLJqkjyX\07.jpg,20260616,静止画,雰囲気/人物,眉,要目視,要目視,4:5,1440x1801,,,https://www.instagram.com/p/DZpoLJqkjyX/,要確認
C:\Users\hm60m\Documents\komi_instagram\20260616_DZpoLJqkjyX\08.jpg,20260616,静止画,雰囲気/人物,眉,要目視,要目視,4:5,1440x1801,,,https://www.instagram.com/p/DZpoLJqkjyX/,要確認
C:\Users\hm60m\Documents\komi_instagram\20260616_DZpoLJqkjyX\09.jpg,20260616,静止画,雰囲気/人物,眉,要目視,要目視,4:5,1440x1801,,,https://www.instagram.com/p/DZpoLJqkjyX/,要確認
C:\Users\hm60m\Documents\komi_instagram\20260628_DaH-Ks0SgZ3\01.mp4,20260628,動画,要確認,眉,要目視,要目視,9:16,720x1280,142.0,,https://www.instagram.com/p/DaH-Ks0SgZ3/,要確認
C:\Users\hm60m\Documents\komi_instagram\20260706_DacrkSNEr5_\01.jpg,20260706,静止画,症例,頭皮,要目視,要目視,4:5,1440x1801,,済,https://www.instagram.com/p/DacrkSNEr5_/,済(既存症例ページ)
C:\Users\hm60m\Documents\komi_instagram\20260706_DacrkSNEr5_\02.jpg,20260706,静止画,症例,頭皮,要目視,要目視,4:5,1440x1801,,済,https://www.instagram.com/p/DacrkSNEr5_/,済(既存症例ページ)
C:\Users\hm60m\Documents\komi_instagram\20260706_DacrkSNEr5_\03.jpg,20260706,静止画,症例,頭皮,要目視,要目視,4:5,1440x1801,,済,https://www.instagram.com/p/DacrkSNEr5_/,済(既存症例ページ)
C:\Users\hm60m\Documents\komi_instagram\20260706_DacrkSNEr5_\04.jpg,20260706,静止画,症例,頭皮,要目視,要目視,4:5,1440x1801,,済,https://www.instagram.com/p/DacrkSNEr5_/,済(既存症例ページ)
C:\Users\hm60m\Documents\komi_instagram\20260706_DacrkSNEr5_\05.jpg,20260706,静止画,症例,頭皮,要目視,要目視,4:5,1440x1801,,済,https://www.instagram.com/p/DacrkSNEr5_/,済(既存症例ページ)
C:\Users\hm60m\Documents\komi_instagram\20260706_DacrkSNEr5_\06.mp4,20260706,動画,ヒーロー候補,頭皮,要目視,要目視,4:5,720x900,20.3,済,https://www.instagram.com/p/DacrkSNEr5_/,済(既存症例ページ)
C:\Users\hm60m\Documents\komi_instagram\20260706_DacrkSNEr5_\07.jpg,20260706,静止画,症例,頭皮,要目視,要目視,4:5,1440x1801,,済,https://www.instagram.com/p/DacrkSNEr5_/,済(既存症例ページ)
C:\Users\hm60m\Documents\komi_instagram\20260706_DacrkSNEr5_\08.mp4,20260706,動画,ヒーロー候補,頭皮,要目視,要目視,4:5,720x900,5.0,済,https://www.instagram.com/p/DacrkSNEr5_/,済(既存症例ページ)
C:\Users\hm60m\Documents\komi_instagram\20260707_DafKmt7kupz\01.jpg,20260707,静止画,症例,パラメディカル,要目視,要目視,4:5,1440x1801,,済,https://www.instagram.com/p/DafKmt7kupz/,済(既存症例ページ)
C:\Users\hm60m\Documents\komi_instagram\20260707_DafKmt7kupz\02.jpg,20260707,静止画,症例,パラメディカル,要目視,要目視,4:5,1440x1801,,済,https://www.instagram.com/p/DafKmt7kupz/,済(既存症例ページ)
C:\Users\hm60m\Documents\komi_instagram\20260707_DafKmt7kupz\03.jpg,20260707,静止画,症例,パラメディカル,要目視,要目視,4:5,1440x1801,,済,https://www.instagram.com/p/DafKmt7kupz/,済(既存症例ページ)
C:\Users\hm60m\Documents\komi_instagram\20260707_DafKmt7kupz\04.jpg,20260707,静止画,症例,パラメディカル,要目視,要目視,4:5,1440x1801,,済,https://www.instagram.com/p/DafKmt7kupz/,済(既存症例ページ)
C:\Users\hm60m\Documents\komi_instagram\20260707_DafKmt7kupz\05.jpg,20260707,静止画,症例,パラメディカル,要目視,要目視,4:5,1440x1801,,済,https://www.instagram.com/p/DafKmt7kupz/,済(既存症例ページ)
C:\Users\hm60m\Documents\komi_instagram\20260707_DafKmt7kupz\06.mp4,20260707,動画,ヒーロー候補,パラメディカル,要目視,要目視,4:5,720x900,5.0,済,https://www.instagram.com/p/DafKmt7kupz/,済(既存症例ページ)
C:\Users\hm60m\Documents\komi_instagram\20260709_DaksCz6Etg_\01.jpg,20260709,静止画,症例,リップ,要目視,要目視,4:5,1440x1801,,済,https://www.instagram.com/p/DaksCz6Etg_/,済(既存症例ページ)
C:\Users\hm60m\Documents\komi_instagram\20260709_DaksCz6Etg_\02.jpg,20260709,静止画,症例,リップ,要目視,要目視,4:5,1440x1801,,済,https://www.instagram.com/p/DaksCz6Etg_/,済(既存症例ページ)
C:\Users\hm60m\Documents\komi_instagram\20260709_DaksCz6Etg_\03.jpg,20260709,静止画,症例,リップ,要目視,要目視,4:5,1440x1801,,済,https://www.instagram.com/p/DaksCz6Etg_/,済(既存症例ページ)
C:\Users\hm60m\Documents\komi_instagram\20260709_DaksCz6Etg_\04.jpg,20260709,静止画,症例,リップ,要目視,要目視,4:5,1440x1801,,済,https://www.instagram.com/p/DaksCz6Etg_/,済(既存症例ページ)
C:\Users\hm60m\Documents\komi_instagram\20260709_DaksCz6Etg_\05.mp4,20260709,動画,要確認,リップ,要目視,要目視,4:5,720x900,3.5,済,https://www.instagram.com/p/DaksCz6Etg_/,済(既存症例ページ)
C:\Users\hm60m\Documents\komi_instagram\20260709_DaksCz6Etg_\06.mp4,20260709,動画,要確認,リップ,要目視,要目視,4:5,720x900,3.4,済,https://www.instagram.com/p/DaksCz6Etg_/,済(既存症例ページ)
C:\Users\hm60m\Documents\komi_instagram\20260709_DaksCz6Etg_\07.mp4,20260709,動画,ヒーロー候補,リップ,要目視,要目視,4:5,720x900,5.0,済,https://www.instagram.com/p/DaksCz6Etg_/,済(既存症例ページ)
C:\Users\hm60m\Documents\komi_instagram\20260710_Dam32YXktf-\01.jpg,20260710,静止画,症例,眉,要目視,要目視,4:5,1440x1801,,済,https://www.instagram.com/p/Dam32YXktf-/,済(既存症例ページ)
C:\Users\hm60m\Documents\komi_instagram\20260710_Dam32YXktf-\02.jpg,20260710,静止画,症例,眉,要目視,要目視,4:5,1440x1801,,済,https://www.instagram.com/p/Dam32YXktf-/,済(既存症例ページ)
C:\Users\hm60m\Documents\komi_instagram\20260710_Dam32YXktf-\03.jpg,20260710,静止画,症例,眉,要目視,要目視,4:5,1440x1801,,済,https://www.instagram.com/p/Dam32YXktf-/,済(既存症例ページ)
C:\Users\hm60m\Documents\komi_instagram\20260710_Dam32YXktf-\04.jpg,20260710,静止画,症例,眉,要目視,要目視,4:5,1440x1801,,済,https://www.instagram.com/p/Dam32YXktf-/,済(既存症例ページ)
C:\Users\hm60m\Documents\komi_instagram\20260710_Dam32YXktf-\05.mp4,20260710,動画,ヒーロー候補,眉,要目視,要目視,4:5,720x900,5.0,済,https://www.instagram.com/p/Dam32YXktf-/,済(既存症例ページ)
C:\Users\hm60m\Documents\komi_instagram\20260715_Dazv5vJErPt\01.jpg,20260715,静止画,症例,眉,要目視,要目視,4:5,1440x1801,,済,https://www.instagram.com/p/Dazv5vJErPt/,済(既存症例ページ)
C:\Users\hm60m\Documents\komi_instagram\20260715_Dazv5vJErPt\02.jpg,20260715,静止画,症例,眉,要目視,要目視,4:5,1440x1801,,済,https://www.instagram.com/p/Dazv5vJErPt/,済(既存症例ページ)
C:\Users\hm60m\Documents\komi_instagram\20260715_Dazv5vJErPt\03.jpg,20260715,静止画,症例,眉,要目視,要目視,4:5,1440x1801,,済,https://www.instagram.com/p/Dazv5vJErPt/,済(既存症例ページ)
C:\Users\hm60m\Documents\komi_instagram\20260715_Dazv5vJErPt\04.jpg,20260715,静止画,症例,眉,要目視,要目視,4:5,1440x1801,,済,https://www.instagram.com/p/Dazv5vJErPt/,済(既存症例ページ)
C:\Users\hm60m\Documents\komi_instagram\20260715_Dazv5vJErPt\05.jpg,20260715,静止画,症例,眉,要目視,要目視,4:5,1440x1801,,済,https://www.instagram.com/p/Dazv5vJErPt/,済(既存症例ページ)
C:\Users\hm60m\Documents\komi_instagram\20260715_Dazv5vJErPt\06.jpg,20260715,静止画,症例,眉,要目視,要目視,4:5,1440x1801,,済,https://www.instagram.com/p/Dazv5vJErPt/,済(既存症例ページ)
C:\Users\hm60m\Documents\komi_instagram\20260715_Dazv5vJErPt\07.mp4,20260715,動画,ヒーロー候補,眉,要目視,要目視,4:5,720x900,10.0,済,https://www.instagram.com/p/Dazv5vJErPt/,済(既存症例ページ)
C:\Users\hm60m\Documents\komi_instagram\20260729_Da7eQ6ykvNU\01.jpg,20260729,静止画,症例,頭皮,要目視,要目視,4:5,1440x1801,,済,https://www.instagram.com/p/Da7eQ6ykvNU/,済(既存症例ページ)
C:\Users\hm60m\Documents\komi_instagram\20260729_Da7eQ6ykvNU\02.jpg,20260729,静止画,症例,頭皮,要目視,要目視,4:5,1440x1801,,済,https://www.instagram.com/p/Da7eQ6ykvNU/,済(既存症例ページ)
C:\Users\hm60m\Documents\komi_instagram\20260729_Da7eQ6ykvNU\03.mp4,20260729,動画,ヒーロー候補,頭皮,要目視,要目視,4:5,720x900,19.9,済,https://www.instagram.com/p/Da7eQ6ykvNU/,済(既存症例ページ)
C:\Users\hm60m\Documents\komi_instagram\20260729_Da7eQ6ykvNU\04.jpg,20260729,静止画,症例,頭皮,要目視,要目視,4:5,1440x1801,,済,https://www.instagram.com/p/Da7eQ6ykvNU/,済(既存症例ページ)
C:\Users\hm60m\Documents\komi_instagram\20260729_Da7eQ6ykvNU\05.mp4,20260729,動画,ヒーロー候補,頭皮,要目視,要目視,4:5,720x900,5.0,済,https://www.instagram.com/p/Da7eQ6ykvNU/,済(既存症例ページ)
C:\Users\hm60m\Documents\komi_instagram\20260805_DbpuVSCEuwY\01.jpg,20260805,静止画,症例,,要目視,要目視,4:5,3274x4096,,,https://www.instagram.com/p/DbpuVSCEuwY/,要確認
C:\Users\hm60m\Documents\komi_instagram\20260805_DbpuVSCEuwY\02.jpg,20260805,静止画,症例,,要目視,要目視,4:5,3274x4096,,,https://www.instagram.com/p/DbpuVSCEuwY/,要確認
C:\Users\hm60m\Documents\komi_instagram\20260805_DbpuVSCEuwY\03.jpg,20260805,静止画,症例,,要目視,要目視,4:5,3274x4096,,,https://www.instagram.com/p/DbpuVSCEuwY/,要確認
C:\Users\hm60m\Documents\komi_instagram\20260805_DbpuVSCEuwY\04.jpg,20260805,静止画,症例,,要目視,要目視,4:5,3274x4096,,,https://www.instagram.com/p/DbpuVSCEuwY/,要確認
C:\Users\hm60m\Documents\komi_instagram\20260805_DbpuVSCEuwY\05.jpg,20260805,静止画,症例,,要目視,要目視,4:5,3274x4096,,,https://www.instagram.com/p/DbpuVSCEuwY/,要確認
C:\Users\hm60m\Documents\komi_instagram\20260805_DbpuVSCEuwY\06.jpg,20260805,静止画,症例,,要目視,要目視,4:5,3274x4096,,,https://www.instagram.com/p/DbpuVSCEuwY/,要確認
C:\Users\hm60m\Documents\komi_instagram\20260805_DbpuVSCEuwY\07.jpg,20260805,静止画,症例,,要目視,要目視,4:5,3274x4096,,,https://www.instagram.com/p/DbpuVSCEuwY/,要確認
C:\Users\hm60m\Documents\komi_instagram\20260805_DbpuVSCEuwY\08.jpg,20260805,静止画,症例,,要目視,要目視,4:5,3274x4096,,,https://www.instagram.com/p/DbpuVSCEuwY/,要確認
C:\Users\hm60m\Documents\komi_instagram\20260807_Dbu6rKXEmQO\01.jpg,20260807,静止画,症例,頭皮,要目視,要目視,4:5,3274x4096,,済,https://www.instagram.com/p/Dbu6rKXEmQO/,済(既存症例ページ)
C:\Users\hm60m\Documents\komi_instagram\20260807_Dbu6rKXEmQO\02.jpg,20260807,静止画,症例,頭皮,要目視,要目視,4:5,3274x4096,,済,https://www.instagram.com/p/Dbu6rKXEmQO/,済(既存症例ページ)
C:\Users\hm60m\Documents\komi_instagram\20260807_Dbu6rKXEmQO\03.jpg,20260807,静止画,症例,頭皮,要目視,要目視,4:5,3274x4096,,済,https://www.instagram.com/p/Dbu6rKXEmQO/,済(既存症例ページ)
C:\Users\hm60m\Documents\komi_instagram\20260807_Dbu6rKXEmQO\04.jpg,20260807,静止画,症例,頭皮,要目視,要目視,4:5,3274x4096,,済,https://www.instagram.com/p/Dbu6rKXEmQO/,済(既存症例ページ)
C:\Users\hm60m\Documents\komi_instagram\20260807_Dbu6rKXEmQO\05.mp4,20260807,動画,ヒーロー候補,頭皮,要目視,要目視,4:5,720x900,19.9,済,https://www.instagram.com/p/Dbu6rKXEmQO/,済(既存症例ページ)
C:\Users\hm60m\Documents\komi_instagram\20260807_Dbu6rKXEmQO\06.mp4,20260807,動画,ヒーロー候補,頭皮,要目視,要目視,4:5,720x900,18.2,済,https://www.instagram.com/p/Dbu6rKXEmQO/,済(既存症例ページ)
C:\Users\hm60m\Documents\komi_instagram\20260807_Dbu6rKXEmQO\07.jpg,20260807,静止画,症例,頭皮,要目視,要目視,4:5,3274x4096,,済,https://www.instagram.com/p/Dbu6rKXEmQO/,済(既存症例ページ)
C:\Users\hm60m\Documents\komi_instagram\20260807_Dbu6rKXEmQO\08.mp4,20260807,動画,ヒーロー候補,頭皮,要目視,要目視,4:5,720x900,5.0,済,https://www.instagram.com/p/Dbu6rKXEmQO/,済(既存症例ページ)
C:\Users\hm60m\Documents\komi_instagram\20260818_DcLZuKIkl2n\01.jpg,20260818,静止画,症例,眉,要目視,要目視,4:5,1080x1350,,済,https://www.instagram.com/p/DcLZuKIkl2n/,済(既存症例ページ)
C:\Users\hm60m\Documents\komi_instagram\20260818_DcLZuKIkl2n\02.jpg,20260818,静止画,症例,眉,要目視,要目視,4:5,1080x1350,,済,https://www.instagram.com/p/DcLZuKIkl2n/,済(既存症例ページ)
C:\Users\hm60m\Documents\komi_instagram\20260818_DcLZuKIkl2n\03.jpg,20260818,静止画,症例,眉,要目視,要目視,4:5,1080x1350,,済,https://www.instagram.com/p/DcLZuKIkl2n/,済(既存症例ページ)
C:\Users\hm60m\Documents\komi_instagram\20260818_DcLZuKIkl2n\04.jpg,20260818,静止画,症例,眉,要目視,要目視,4:5,1080x1350,,済,https://www.instagram.com/p/DcLZuKIkl2n/,済(既存症例ページ)
C:\Users\hm60m\Documents\komi_instagram\20260818_DcLZuKIkl2n\05.jpg,20260818,静止画,症例,眉,要目視,要目視,4:5,1080x1350,,済,https://www.instagram.com/p/DcLZuKIkl2n/,済(既存症例ページ)
C:\Users\hm60m\Documents\komi_instagram\20260818_DcLZuKIkl2n\06.jpg,20260818,静止画,症例,眉,要目視,要目視,4:5,1080x1350,,済,https://www.instagram.com/p/DcLZuKIkl2n/,済(既存症例ページ)
C:\Users\hm60m\Documents\komi_instagram\20260818_DcLZuKIkl2n\07.jpg,20260818,静止画,症例,眉,要目視,要目視,4:5,1080x1350,,済,https://www.instagram.com/p/DcLZuKIkl2n/,済(既存症例ページ)
C:\Users\hm60m\Documents\komi_instagram\20260818_DcLZuKIkl2n\08.jpg,20260818,静止画,症例,眉,要目視,要目視,4:5,1080x1350,,済,https://www.instagram.com/p/DcLZuKIkl2n/,済(既存症例ページ)
C:\Users\hm60m\Documents\komi_instagram\20260818_DcLZuKIkl2n\09.mp4,20260818,動画,ヒーロー候補,眉,要目視,要目視,4:5,720x900,22.7,済,https://www.instagram.com/p/DcLZuKIkl2n/,済(既存症例ページ)
C:\Users\hm60m\Documents\komi_instagram\20260826_Dcf5N_YkkaV\01.jpg,20260826,静止画,症例,眉,要目視,要目視,4:5,1080x1350,,済,https://www.instagram.com/p/Dcf5N_YkkaV/,済(既存症例ページ)
C:\Users\hm60m\Documents\komi_instagram\20260826_Dcf5N_YkkaV\02.jpg,20260826,静止画,症例,眉,要目視,要目視,4:5,1080x1350,,済,https://www.instagram.com/p/Dcf5N_YkkaV/,済(既存症例ページ)
C:\Users\hm60m\Documents\komi_instagram\20260826_Dcf5N_YkkaV\03.jpg,20260826,静止画,症例,眉,要目視,要目視,4:5,1080x1350,,済,https://www.instagram.com/p/Dcf5N_YkkaV/,済(既存症例ページ)
C:\Users\hm60m\Documents\komi_instagram\20260826_Dcf5N_YkkaV\04.jpg,20260826,静止画,症例,眉,要目視,要目視,4:5,1080x1350,,済,https://www.instagram.com/p/Dcf5N_YkkaV/,済(既存症例ページ)
C:\Users\hm60m\Documents\komi_instagram\20260826_Dcf5N_YkkaV\05.jpg,20260826,静止画,症例,眉,要目視,要目視,4:5,1080x1350,,済,https://www.instagram.com/p/Dcf5N_YkkaV/,済(既存症例ページ)
C:\Users\hm60m\Documents\komi_instagram\20260826_Dcf5N_YkkaV\06.jpg,20260826,静止画,症例,眉,要目視,要目視,4:5,1080x1350,,済,https://www.instagram.com/p/Dcf5N_YkkaV/,済(既存症例ページ)
C:\Users\hm60m\Documents\komi_instagram\20260826_Dcf5N_YkkaV\07.mp4,20260826,動画,ヒーロー候補,眉,要目視,要目視,4:5,720x900,10.4,済,https://www.instagram.com/p/Dcf5N_YkkaV/,済(既存症例ページ)
C:\Users\hm60m\Documents\komi_instagram\20260826_Dcf5N_YkkaV\08.mp4,20260826,動画,ヒーロー候補,眉,要目視,要目視,4:5,720x900,60.0,済,https://www.instagram.com/p/Dcf5N_YkkaV/,済(既存症例ページ)
C:\Users\hm60m\Documents\komi_instagram\20260828_DclJrpvEqRE\01.jpg,20260828,静止画,雰囲気/人物,アイライン,要目視,要目視,4:5,1080x1350,,,https://www.instagram.com/p/DclJrpvEqRE/,要確認
C:\Users\hm60m\Documents\komi_instagram\20260828_DclJrpvEqRE\02.jpg,20260828,静止画,雰囲気/人物,アイライン,要目視,要目視,4:5,1080x1350,,,https://www.instagram.com/p/DclJrpvEqRE/,要確認
C:\Users\hm60m\Documents\komi_instagram\20260828_DclJrpvEqRE\03.jpg,20260828,静止画,雰囲気/人物,アイライン,要目視,要目視,4:5,1080x1350,,,https://www.instagram.com/p/DclJrpvEqRE/,要確認
C:\Users\hm60m\Documents\komi_instagram\20260828_DclJrpvEqRE\04.mp4,20260828,動画,ヒーロー候補,アイライン,要目視,要目視,4:5,720x900,13.3,,https://www.instagram.com/p/DclJrpvEqRE/,要確認
C:\Users\hm60m\Documents\komi_instagram\20260908_DdB0aBDkgQo\01.jpg,20260908,静止画,雰囲気/人物,アイライン,要目視,要目視,4:5,1080x1350,,,https://www.instagram.com/p/DdB0aBDkgQo/,要確認
C:\Users\hm60m\Documents\komi_instagram\20260908_DdB0aBDkgQo\02.jpg,20260908,静止画,雰囲気/人物,アイライン,要目視,要目視,4:5,1080x1350,,,https://www.instagram.com/p/DdB0aBDkgQo/,要確認
C:\Users\hm60m\Documents\komi_instagram\20260908_DdB0aBDkgQo\03.jpg,20260908,静止画,雰囲気/人物,アイライン,要目視,要目視,4:5,1080x1350,,,https://www.instagram.com/p/DdB0aBDkgQo/,要確認
C:\Users\hm60m\Documents\komi_instagram\20260908_DdB0aBDkgQo\04.jpg,20260908,静止画,雰囲気/人物,アイライン,要目視,要目視,4:5,1080x1350,,,https://www.instagram.com/p/DdB0aBDkgQo/,要確認
C:\Users\hm60m\Documents\komi_instagram\20260908_DdB0aBDkgQo\05.jpg,20260908,静止画,雰囲気/人物,アイライン,要目視,要目視,4:5,1080x1350,,,https://www.instagram.com/p/DdB0aBDkgQo/,要確認
C:\Users\hm60m\Documents\komi_instagram\20260908_DdB0aBDkgQo\06.jpg,20260908,静止画,雰囲気/人物,アイライン,要目視,要目視,4:5,1080x1350,,,https://www.instagram.com/p/DdB0aBDkgQo/,要確認
C:\Users\hm60m\Documents\komi_instagram\20260908_DdB0aBDkgQo\07.jpg,20260908,静止画,雰囲気/人物,アイライン,要目視,要目視,4:5,1080x1350,,,https://www.instagram.com/p/DdB0aBDkgQo/,要確認
C:\Users\hm60m\Documents\komi_instagram\20260913_DdOxzG5kqTl\01.jpg,20260913,静止画,雰囲気/人物,,要目視,要目視,4:5,1080x1350,,,https://www.instagram.com/p/DdOxzG5kqTl/,要確認
C:\Users\hm60m\Documents\komi_instagram\20260913_DdOxzG5kqTl\02.jpg,20260913,静止画,雰囲気/人物,,要目視,要目視,4:5,1080x1350,,,https://www.instagram.com/p/DdOxzG5kqTl/,要確認
C:\Users\hm60m\Documents\komi_instagram\20260913_DdOxzG5kqTl\03.jpg,20260913,静止画,雰囲気/人物,,要目視,要目視,4:5,1080x1350,,,https://www.instagram.com/p/DdOxzG5kqTl/,要確認
C:\Users\hm60m\Documents\komi_instagram\20260913_DdOxzG5kqTl\04.jpg,20260913,静止画,雰囲気/人物,,要目視,要目視,4:5,1080x1350,,,https://www.instagram.com/p/DdOxzG5kqTl/,要確認
C:\Users\hm60m\Documents\komi_instagram\20260913_DdOypHqEqic\01.jpg,20260913,静止画,雰囲気/人物,,要目視,要目視,4:5,1080x1350,,,https://www.instagram.com/p/DdOypHqEqic/,要確認
C:\Users\hm60m\Documents\komi_instagram\20260913_DdOypHqEqic\02.jpg,20260913,静止画,雰囲気/人物,,要目視,要目視,4:5,1080x1350,,,https://www.instagram.com/p/DdOypHqEqic/,要確認
C:\Users\hm60m\Documents\komi_instagram\20260913_DdOypHqEqic\03.jpg,20260913,静止画,雰囲気/人物,,要目視,要目視,4:5,1080x1350,,,https://www.instagram.com/p/DdOypHqEqic/,要確認
C:\Users\hm60m\Documents\komi_instagram\20260913_DdOypHqEqic\04.jpg,20260913,静止画,雰囲気/人物,,要目視,要目視,4:5,1080x1350,,,https://www.instagram.com/p/DdOypHqEqic/,要確認
C:\Users\hm60m\Documents\komi_instagram\20260913_DdOypHqEqic\05.jpg,20260913,静止画,雰囲気/人物,,要目視,要目視,4:5,1080x1350,,,https://www.instagram.com/p/DdOypHqEqic/,要確認
C:\Users\hm60m\Documents\komi_instagram\20260913_DdOypHqEqic\06.jpg,20260913,静止画,雰囲気/人物,,要目視,要目視,4:5,1080x1350,,,https://www.instagram.com/p/DdOypHqEqic/,要確認
C:\Users\hm60m\Documents\komi_instagram\20260913_DdOyRjiEss2\01.jpg,20260913,静止画,雰囲気/人物,,要目視,要目視,4:5,1080x1350,,,https://www.instagram.com/p/DdOyRjiEss2/,要確認
C:\Users\hm60m\Documents\komi_instagram\20260913_DdOyRjiEss2\02.jpg,20260913,静止画,雰囲気/人物,,要目視,要目視,4:5,1080x1350,,,https://www.instagram.com/p/DdOyRjiEss2/,要確認
C:\Users\hm60m\Documents\komi_instagram\20260913_DdOyRjiEss2\03.jpg,20260913,静止画,雰囲気/人物,,要目視,要目視,4:5,1080x1350,,,https://www.instagram.com/p/DdOyRjiEss2/,要確認
C:\Users\hm60m\Documents\komi_instagram\20260913_DdOyRjiEss2\04.jpg,20260913,静止画,雰囲気/人物,,要目視,要目視,4:5,1080x1350,,,https://www.instagram.com/p/DdOyRjiEss2/,要確認
C:\Users\hm60m\Documents\komi_instagram\20260913_DdOyRjiEss2\05.jpg,20260913,静止画,雰囲気/人物,,要目視,要目視,4:5,1080x1350,,,https://www.instagram.com/p/DdOyRjiEss2/,要確認
C:\Users\hm60m\Documents\komi_instagram\20260913_DdOyRjiEss2\06.jpg,20260913,静止画,雰囲気/人物,,要目視,要目視,4:5,1080x1350,,,https://www.instagram.com/p/DdOyRjiEss2/,要確認
C:\Users\hm60m\Documents\komi_instagram\20260913_DdOyRjiEss2\07.jpg,20260913,静止画,雰囲気/人物,,要目視,要目視,4:5,1080x1350,,,https://www.instagram.com/p/DdOyRjiEss2/,要確認
C:\Users\hm60m\Documents\komi_instagram\20260913_DdOyRjiEss2\08.jpg,20260913,静止画,雰囲気/人物,,要目視,要目視,4:5,1080x1350,,,https://www.instagram.com/p/DdOyRjiEss2/,要確認
C:\Users\hm60m\Documents\komi_instagram\20260916_DdWBiudEhb0\01.jpg,20260916,静止画,雰囲気/人物,,要目視,要目視,4:5,1080x1350,,,https://www.instagram.com/p/DdWBiudEhb0/,要確認
C:\Users\hm60m\Documents\komi_instagram\20260916_DdWBiudEhb0\02.jpg,20260916,静止画,雰囲気/人物,,要目視,要目視,4:5,1080x1350,,,https://www.instagram.com/p/DdWBiudEhb0/,要確認
C:\Users\hm60m\Documents\komi_instagram\20260916_DdWBiudEhb0\03.jpg,20260916,静止画,雰囲気/人物,,要目視,要目視,4:5,1080x1350,,,https://www.instagram.com/p/DdWBiudEhb0/,要確認
C:\Users\hm60m\Documents\komi_instagram\20260916_DdWBiudEhb0\04.jpg,20260916,静止画,雰囲気/人物,,要目視,要目視,4:5,1080x1350,,,https://www.instagram.com/p/DdWBiudEhb0/,要確認
C:\Users\hm60m\Documents\komi_instagram\20260916_DdWBiudEhb0\05.jpg,20260916,静止画,雰囲気/人物,,要目視,要目視,4:5,1080x1350,,,https://www.instagram.com/p/DdWBiudEhb0/,要確認
C:\Users\hm60m\Documents\komi_instagram\20260916_DdWBiudEhb0\06.jpg,20260916,静止画,雰囲気/人物,,要目視,要目視,4:5,1080x1350,,,https://www.instagram.com/p/DdWBiudEhb0/,要確認
C:\Users\hm60m\Documents\komi_instagram\20260916_DdWBiudEhb0\07.jpg,20260916,静止画,雰囲気/人物,,要目視,要目視,4:5,1080x1350,,,https://www.instagram.com/p/DdWBiudEhb0/,要確認
C:\Users\hm60m\Documents\komi_instagram\20260916_DdWBiudEhb0\08.jpg,20260916,静止画,雰囲気/人物,,要目視,要目視,4:5,1080x1350,,,https://www.instagram.com/p/DdWBiudEhb0/,要確認
C:\Users\hm60m\Documents\komi_instagram\20260916_DdWBiudEhb0\09.jpg,20260916,静止画,雰囲気/人物,,要目視,要目視,4:5,1080x1350,,,https://www.instagram.com/p/DdWBiudEhb0/,要確認
C:\Users\hm60m\Documents\komi_instagram\20260916_DdWIzzGElje\01.jpg,20260916,静止画,雰囲気/人物,パラメディカル,要目視,要目視,4:5,1080x1350,,,https://www.instagram.com/p/DdWIzzGElje/,要確認
C:\Users\hm60m\Documents\komi_instagram\20260916_DdWIzzGElje\02.jpg,20260916,静止画,雰囲気/人物,パラメディカル,要目視,要目視,4:5,1080x1350,,,https://www.instagram.com/p/DdWIzzGElje/,要確認
C:\Users\hm60m\Documents\komi_instagram\20260916_DdWIzzGElje\03.jpg,20260916,静止画,雰囲気/人物,パラメディカル,要目視,要目視,4:5,1080x1350,,,https://www.instagram.com/p/DdWIzzGElje/,要確認
C:\Users\hm60m\Documents\komi_instagram\20260916_DdWIzzGElje\04.jpg,20260916,静止画,雰囲気/人物,パラメディカル,要目視,要目視,4:5,1080x1350,,,https://www.instagram.com/p/DdWIzzGElje/,要確認
C:\Users\hm60m\Documents\komi_instagram\20260917_DdZITxUS1tN\01.mp4,20260917,動画,ヒーロー候補,アイライン,要目視,要目視,9:16,720x1280,11.2,,https://www.instagram.com/p/DdZITxUS1tN/,要確認
C:\Users\hm60m\Documents\komi_instagram\20260918_DdbEbdKEoLg\01.jpg,20260918,静止画,雰囲気/人物,,要目視,要目視,4:5,1088x1344,,,https://www.instagram.com/p/DdbEbdKEoLg/,要確認
C:\Users\hm60m\Documents\komi_instagram\20260918_DdbEbdKEoLg\02.jpg,20260918,静止画,雰囲気/人物,,要目視,要目視,4:5,1088x1344,,,https://www.instagram.com/p/DdbEbdKEoLg/,要確認
C:\Users\hm60m\Documents\komi_instagram\20260918_DdbEbdKEoLg\03.jpg,20260918,静止画,雰囲気/人物,,要目視,要目視,4:5,1088x1344,,,https://www.instagram.com/p/DdbEbdKEoLg/,要確認
C:\Users\hm60m\Documents\komi_instagram\20260918_DdbEbdKEoLg\04.jpg,20260918,静止画,雰囲気/人物,,要目視,要目視,4:5,1088x1344,,,https://www.instagram.com/p/DdbEbdKEoLg/,要確認
C:\Users\hm60m\Documents\komi_instagram\20260918_DdbEbdKEoLg\05.jpg,20260918,静止画,雰囲気/人物,,要目視,要目視,4:5,1088x1344,,,https://www.instagram.com/p/DdbEbdKEoLg/,要確認
C:\Users\hm60m\Documents\komi_instagram\20260918_DdbEbdKEoLg\06.jpg,20260918,静止画,雰囲気/人物,,要目視,要目視,4:5,1088x1344,,,https://www.instagram.com/p/DdbEbdKEoLg/,要確認
C:\Users\hm60m\Documents\komi_instagram\20260923_Ddo2X_IkktM\01.jpg,20260923,静止画,症例,眉,要目視,要目視,4:5,1080x1350,,,https://www.instagram.com/p/Ddo2X_IkktM/,要確認
C:\Users\hm60m\Documents\komi_instagram\20260923_Ddo2X_IkktM\02.jpg,20260923,静止画,症例,眉,要目視,要目視,4:5,1080x1350,,,https://www.instagram.com/p/Ddo2X_IkktM/,要確認
C:\Users\hm60m\Documents\komi_instagram\20260923_Ddo2X_IkktM\03.jpg,20260923,静止画,症例,眉,要目視,要目視,4:5,1080x1350,,,https://www.instagram.com/p/Ddo2X_IkktM/,要確認
C:\Users\hm60m\Documents\komi_instagram\20260923_Ddo2X_IkktM\04.jpg,20260923,静止画,症例,眉,要目視,要目視,4:5,1080x1350,,,https://www.instagram.com/p/Ddo2X_IkktM/,要確認
C:\Users\hm60m\Documents\komi_instagram\20260923_Ddo2X_IkktM\05.jpg,20260923,静止画,症例,眉,要目視,要目視,4:5,1080x1350,,,https://www.instagram.com/p/Ddo2X_IkktM/,要確認
C:\Users\hm60m\Documents\komi_instagram\20260923_Ddo2X_IkktM\06.jpg,20260923,静止画,症例,眉,要目視,要目視,4:5,1080x1350,,,https://www.instagram.com/p/Ddo2X_IkktM/,要確認
C:\Users\hm60m\Documents\komi_instagram\20260923_Ddo2X_IkktM\07.jpg,20260923,静止画,症例,眉,要目視,要目視,4:5,1080x1350,,,https://www.instagram.com/p/Ddo2X_IkktM/,要確認
C:\Users\hm60m\Documents\komi_instagram\20260923_Ddo2X_IkktM\08.jpg,20260923,静止画,症例,眉,要目視,要目視,4:5,1080x1350,,,https://www.instagram.com/p/Ddo2X_IkktM/,要確認
C:\Users\hm60m\Documents\komi_instagram\20260923_Ddo2X_IkktM\09.jpg,20260923,静止画,症例,眉,要目視,要目視,4:5,1080x1350,,,https://www.instagram.com/p/Ddo2X_IkktM/,要確認
